Name,RA,Dec,z,z_err,K0,K0_err,K100,K100_err,alpha,Tx,Tx_err,Lbol,Lbol_err,LHa,LHa_err,Lrad,Lrad_err,Rin,Rout,nelec,nelec_err,Kitpl,Kflat,K_err,Pitpl,Pflat,Perr,Mgrav,Mgrav_err,clustemp,clustemp_err,Lambda,tcool5/2,t52err,tcool3/2,t32err,UVSFR,UVerr,IRSFR,IR_err,70SFR,70err,24SFR,24err,BCGmass,BCGmass_err,ROIout,D_A,asymm_v0,asymm_v0_err,clumpy_v0,clump_v0_err,concen_v0,concen_v0_err,Symmetry,Symm_err,Peakiness,Peak_err,Alignment,Align_err,RaffCP(2006),Raff_err_low,Raff_err_high,CavagCP(2010),Cavag_err_low,Cavag_err_high,OSulCP(2011),OSul_err_low,Osul_err_high,HlavaCP(2012),Hlava_err,completeCavPow,complete_err_low,complete_err_high,name_in_Fraser-McKelvie,BCG_Stellar_Mass,mass_high,mass_low,BCG_SFR,SFR_high,SFR_low,alt_tcool
#,deg,deg,,,keV.cm^2,keV.cm^2,keV.cm^2,keV.cm^2,,keV,keV,10^44erg/s,10^44erg/s,10^40erg/s,10^40erg/s,10^40erg/s,10^40erg/s,Mpc,Mpc,cm^-3,cm^-3,keV.cm^2,keV.cm^2,keV.cm^2,dyne.cm^-2,dyne.cm^-2,dyne.cm^-2,M_dot,M_dot,keV,keV,ergs.cm^3/s,Gyr,Gyr,Gyr,Gyr,M_dot/yr,M_dot/yr,M_dot/yr,M_dot/yr,M_dot/yr,M_dot/yr,M_dot/yr,M_dot/yr,10^10M_dot,10^10M_dot,Mpc,Mpc,,,,,,,,,,,,,10^42erg/s,10^42erg/s,10^42erg/s,10^42erg/s,10^42erg/s,10^42erg/s,10^42erg/s,10^42erg/s,10^42erg/s,10^42erg/s,10^42erg/s,10^42erg/s,10^42erg/s,10^42erg/s,,10^10M_dot,10^10M_dot,10^10M_dot,M_dot/yr,M_dot/yr,M_dot/yr,Gyr
1E_0657-56,104.6234458,-55.94438611,0.296,0.001,307.45,19.31,18.55,6.52,1.88,11.64,0.4,52.8,0,,,8.34,0,2.10E-02,4.19E-02,0.0076534,0.000097181,295.18,308.48,44.873,1.42E-10,1.49E-10,2.16E-11,-4.88E+12,-5.43E+11,12.072,1.783,2.91E-23,15.841,2.3482,9.5045,1.4089,,,1.88,0,3.44,0,0.84,0.12,6.1,0,1.1945,910.236,0.229133131,0,0.210350638,0,2.762,0,0.688,0,-1.248,0,1.11,0,,,,,,,,,,,,,,,,,,,,,,15.662
2A_0335+096,54.67127083,9.96685,0.03634,0.00016,7.14,0.14,138.64,1.92,1.52,2.88,0,9.77,0,2.58,0,1.12,0,1.96E-02,2.28E-02,0.042631,0.00077379,17.884,17.884,0.5157,1.51E-10,1.51E-10,4.80E-12,1.71E+12,3.29E+10,2.2043,0.058216,1.79E-23,0.84482,0.027073,0.50689,0.016244,,,0.72,0,0.94,0.25,0.21,0.02,5.58,0,0.15004,142.498,0.219488707,0,0.278490576,0,3.361,0,,,,,,,24,6,23,,,,,,,,,24,6,23,2A 0335+096 (affected by star),,,,,,,1.202
2PIGG_J0011.5-2850,2.840095833,-28.85401111,0.075,0,101.98,42.94,214.68,51.48,0.84,5.86,0,2.17,0,,,1.68,0,2.11E-02,2.82E-02,0.0041613,0.0016675,174.84,198.67,50.547,3.05E-11,3.47E-11,1.27E-11,3.40E+12,2.75E+11,5.14,0.5,2.09E-23,17.234,7.1063,10.34,4.2638,0.92,0,,,,,,,,,0.57256,294.75,0.825882379,0,0.786450945,0,2.9557,0,,,,,,,,,,,,,,,,,,,,,,,,,,,,18.796
2PIGG_J2227.0-3041,336.9773333,-30.57634444,0.073,0,17.13,0.98,113.95,3.65,1.37,2.79,0,0.81,0,,,32.4,0,1.97E-02,2.62E-02,0.014992,0.00029238,29.838,33.224,1.6899,4.41E-11,4.91E-11,2.58E-12,1.55E+12,6.28E+10,2.0262,0.10083,1.69E-23,2.3292,0.12449,1.3975,0.074694,1.82,0.33,,,,,,,,,0.2229,286.156,,,,,,,,,,,,,,,,,,,,,,,,,,,,,,,,,,3.276
3C_28.0,13.96000417,26.41013056,0.195275,0.000244,23.85,1.28,107.82,3.94,1.79,3.9,0,4.83,0,,,1630,0,1.53E-02,3.07E-02,0.022502,0.00015355,35.337,37.639,2.0139,1.03E-10,1.09E-10,5.87E-12,3.43E+12,1.43E+11,3,0.16,1.80E-23,2.1597,0.11612,1.2958,0.069673,2.3,0.37,13.51,0,2.15,0,2.05,0.29,4.4,0,0.39882,667.727,,,,,,,,,,,,,,,,,,,,,,,,,,,,,,,,,,2.656
3C_295,212.8345,52.20293056,0.4641,0.0001,14.54,2.53,81.95,6.34,1.47,6.51,0,7.01,0,232,0,203000,0,2.91E-02,5.82E-02,0.03273,0.00037089,34.548,34.548,3.3584,4.50E-10,4.50E-10,1.05E-10,8.60E+12,6.11E+11,3.7569,0.38106,1.91E-23,1.7574,0.17936,1.0544,0.10762,,,,,,,,,,,0.49506,1208.818,,,,,,,1.006,0,-0.517,0,1.39,0,,,,,,,,,,3560,0,3560,0,0,,,,,,,,2.043
3C_388,281.0098542,45.55814167,0.0917,0,17.03,5.77,214.3,8.54,0.76,3.5,0,0.529,0,,,1290,0,1.68E-02,2.53E-02,0.0059319,0.00041603,100,100.4,7.6885,3.15E-11,3.16E-11,2.93E-12,2.98E+12,1.34E+11,3.29,0.2,2.16E-23,7.5134,0.69734,4.508,0.4184,1.14,0,1.78,0,1.61,0.36,1.47,0.15,7.06,0,0.26937,352.185,,,,,,,,,,,,,200,80,280,,,,,,,,,200,80,280,RXJ1844.0+4532,50.2,0.8,0.78,0.57,0.01,0,10.549
4C_55.16,128.7288458,55.57254167,0.241071,0.000351,23.27,2.87,161.6,7.74,1.29,4.21,0,5.97,0,800,0,16100,0,1.89E-02,3.78E-02,0.017098,0.00051801,49.806,49.806,3.2915,9.16E-11,9.16E-11,6.39E-12,3.09E+12,1.42E+11,3.0868,0.17946,2.00E-23,2.6392,0.17302,1.5835,0.10381,,,,,,,,,,,0.67971,787.317,0.345055255,0,0.378605649,0,4.8574,0,,,,,,,420,160,440,,,,,,,,,420,160,440,,,,,,,,3.545
Abell_13,3.407845833,-19.50252778,0.0943,0,182.64,26.18,181.95,36.81,1.37,6.51,0,1.42,0,,,0.609,0,1.72E-02,2.58E-02,0.0063929,0.00068592,194.55,194.55,29.824,6.94E-11,6.94E-11,1.20E-11,1.55E+12,1.54E+11,6.3461,0.85076,2.37E-23,12.234,2.1008,7.3406,1.2605,,,,,,,,,,,0.47337,360.062,,,,,,,,,,,,,,,,,,,,,,,,,,,RXCJ0013.6-1930,26.9,0.58,0.57,0.12,0.14,0.03,13.595
Abell_68,9.276979167,9.158966667,0.255,0,217.34,89.03,142.31,98.33,0.89,7.99,0,12.8,0,8.3,0,4.34,0,1.96E-02,3.92E-02,0.011182,0.0024254,261.69,261.69,96.559,2.37E-10,2.37E-10,9.55E-11,1.00E+13,2.49E+12,12.02,3.9417,2.90E-23,10.812,4.2509,6.4873,2.5505,,,,,,,,,,,0.64703,817.373,,,,,,,0.882,0,-1.185,0,1.34,0,,,,,,,,,,,,,,,,,,,,,,10.697
Abell_85,10.460025,-9.302997222,0.055061,0.00034,12.5,0.53,158.83,1.87,1.12,6.9,0,5.3,0,0.431,0,4.61,0,2.05E-02,2.56E-02,0.025719,0.00040352,41.432,41.432,1.4296,1.50E-10,1.50E-10,5.48E-12,3.20E+12,7.70E+10,3.8792,0.13625,2.02E-23,2.1789,0.083818,1.3073,0.050291,0.9,0,0.61,0,0.7,0.16,0.36,0.04,6.72,0,0.25077,223.473,0.214443268,0,0.245873901,0,3.3141,0,,,,,,,37,11,37,,,,,,,,,37,11,37,Abell 85,61.8,1.38,1.35,0.59,0.7,0.15,2.642
Abell_119,14.063125,-1.249916667,0.0442,0,233.85,87.65,191.29,102.81,0.75,6.04,0,1.41,0,0.016,0,0.125,0,1.71E-02,2.57E-02,0.0027541,0.00077143,265.09,286.03,58.162,2.32E-11,2.51E-11,7.04E-12,1.10E+12,9.30E+10,5.62,0.6,2.32E-23,25.665,7.6931,15.399,4.6159,0.57,0,,,,,,,,,0.49149,179.465,0.872228044,0,0.78330639,0,1.8889,0,,,,,,,,,,,,,,,,,,,,,Abell 119,38.9,0.85,0.83,0.24,0.29,0.06,29.697
Abell_133,15.67398333,-21.88049722,0.0566,0,17.26,0.49,170.12,4.15,1.59,3.71,0,0.828,0,0.653,0,0.203,0,2.05E-02,2.56E-02,0.017686,0.00043034,35.319,35.319,1.2283,6.87E-11,6.87E-11,2.69E-12,1.75E+12,3.95E+10,2.631,0.083759,2.04E-23,2.1336,0.085492,1.2802,0.051296,0.69,0,,,,,,,,,0.13818,223.473,0.201734497,0,0.243837629,0,3.4304,0,,,,,,,620,20,260,,,,,,,,,620,20,260,RXCJ0102.7-2152,44.4,0.97,0.95,0.76,0.9,0.19,3.164
Abell_141,16.39327083,-24.63299444,0.23,0,205.03,27.44,42.56,20.75,1.78,5.31,0,,,,,3.44,0,1.82E-02,3.63E-02,0.005612,0.0018776,141.89,193.16,45.902,9.78E-11,1.33E-10,9.58E-11,-2.84E+12,-4.87E+11,6.1,1.05,1.84E-23,17.211,6.4756,10.327,3.8854,,,,,,,,,,,1.0902,757.871,,,,,,,,,,,,,,,,,,,,,,,,,,,,,,,,,,15.183
Abell_160,18.25288333,15.48752222,0.0447,0,155.78,27.67,116.26,29.25,0.98,2.7,0,,,0.213,0,0.102,0,2.17E-02,2.60E-02,0.0021759,0.00046216,179.93,179.93,27.607,1.07E-11,1.07E-11,2.35E-12,7.88E+11,3.42E+10,2.7374,0.18665,1.62E-23,22.737,5.072,13.642,3.0432,0.4,0,,,,,,,,,0.41577,181.387,0.848863444,0,0.752117234,0,2.1468,0,,,,,,,,,,,,,,,,,,,,,,,,,,,,26.233
Abell_193,21.28191667,8.699188889,0.048587,0.00029,185.46,13.3,35.96,16.81,2.23,2.5,0,,,0.251,0,1.56,0,1.87E-02,2.34E-02,0.0050615,0.00061086,185.98,185.98,29.758,1.08E-10,1.08E-10,4.75E-11,5.58E+11,5.66E+10,5.0616,0.59377,1.99E-23,14.665,2.4682,8.7988,1.4809,,,,,,,,,,,0.19181,195.922,0.723783456,0,0.645812406,0,2.1227,0,,,,,,,,,,,,,,,,,,,,,Abell 193,43,0.94,0.92,0.3,0.36,0.08,15.335
Abell_209,22.96902083,-13.610775,0.206,0,105.5,26.94,149.31,35.16,0.8,8.28,0,11,0,,,3.38,0,1.60E-02,3.20E-02,0.011879,0.00015394,137.03,142.14,18.286,1.37E-10,1.42E-10,1.84E-11,2.21E+12,2.16E+11,7.4,0.95,2.28E-23,7.9618,1.0273,4.7771,0.61639,,,2.04,0,,,0.91,0.12,7.91,0,0.59214,696.481,,,,,,,0.738,0,-1.32,0,0.99,0,,,,,,,,,,,,,,,,,,,,,,7.901
Abell_222,24.39400833,-12.99302222,0.213,0,126.02,15.01,82.25,18.98,1,4.6,0,10.5,0,5.62,0,2.66,0,1.64E-02,3.29E-02,0.0049036,0.00037938,142.57,145.52,17.867,3.27E-11,3.34E-11,4.51E-12,1.26E+12,1.05E+11,4.2,0.47,1.87E-23,13.406,1.8238,8.0436,1.0943,,,,,,,,,,,0.70631,714.739,,,,,,,,,,,,,,,,,,,,,,,,,,,,,,,,,,14.419
Abell_223,24.48317917,-12.81959167,0.207,0,183.87,46.09,160.65,59.23,1.24,5.28,0,11.2,0,5.29,0,19.8,0,1.68E-02,3.35E-02,0.0043547,0.0013774,211.42,211.42,51.42,3.98E-11,3.98E-11,1.35E-11,3.56E+12,3.16E+11,5.5532,0.7181,2.16E-23,17.25,5.8948,10.35,3.5369,,,,,,,,,,,0.77063,699.108,,,,,,,,,,,,,,,,,,,,,,,,,,,,,,,,,,18.669
Abell_262,28.1929125,36.15327778,0.01742,0.00027,10.57,0.76,205.09,7.87,0.98,2.18,0,1.05,0,,,0.435,0,1.97E-02,2.14E-02,0.0070719,0.00022393,68.247,68.247,20.232,2.88E-11,2.88E-11,8.57E-12,1.63E+12,3.54E+11,2.5053,0.68318,1.97E-23,5.2444,1.4397,3.1466,0.86383,0.16,0,0.12,0,0.39,0.1,0.08,0.01,3.5,0,0.08214,68.848,0.172889423,0,0.173245183,0,3.1359,0,,,,,,,9.7,2.6,7.5,,,,,,,,,9.7,2.6,7.5,Abell 262,16.7,0.35,0.34,0.09,0.11,0.02,7.722
Abell_267,28.17612083,1.012591667,0.231,0,168.56,17.64,51.81,21.05,1.82,6.79,0,8.7,0,6.65,0,4.34,0,1.81E-02,3.62E-02,0.007571,0.00026641,169.87,170.14,28.036,8.03E-11,8.05E-11,1.34E-11,9.21E+11,1.10E+11,6.56,1.07,2.35E-23,10.765,1.7962,6.4587,1.0777,2.86,0,5.01,0,,,0.69,0.27,9.84,0,0.59656,757.871,,,,,,,0.754,0,-1.12,0,1.05,0,,,,,,,,,,,,,,,,,,,,,,11.671
Abell_368,39.36516667,-26.50805278,0.22,0,50.87,8.21,144.12,15.35,1.21,5.62,0,,,,,6.48,0,1.76E-02,3.51E-02,0.016942,0.00024486,77.098,80.045,9.8819,1.40E-10,1.45E-10,1.80E-11,4.83E+12,4.53E+11,5.28,0.65,2.19E-23,4.1597,0.5156,2.4958,0.30936,,,,,,,,,,,0.57958,732.704,,,,,,,,,,,,,,,,,,,,,,,,,,,,,,,,,,4.679
Abell_370,39.9715375,-1.576933333,0.375,0,321.92,90.83,78.72,89.33,1.24,7.2,0,12.1,0,,,13.4,0,2.56E-02,5.12E-02,0.0044181,0.0012161,384.7,384.7,104.89,1.78E-10,1.78E-10,1.46E-10,3.02E+12,4.46E+11,10.12,2.1284,3.00E-23,22.319,7.7315,13.391,4.6389,,,5.96,0,2.86,0,1.19,0.47,14.39,0,0.80621,1064.286,0.329507669,0,0.148930533,0,2.2029,0,,,,,,,,,,,,,,,,,,,,,,,,,,,,24.841
Abell_383,42.01401667,-3.529080556,0.1871,0,13.02,1.57,110.9,5.24,1.4,3.93,0,5.39,0,,,44.6,0,1.48E-02,2.97E-02,0.045562,0.00053443,24.05,24.05,1.7411,2.26E-10,2.26E-10,1.65E-11,2.39E+12,1.26E+11,3.2072,0.24343,1.99E-23,1.0351,0.079494,0.62105,0.047697,2.4,0,5.58,0,,,1.65,0.18,8.03,0,0.29661,645.685,,,,,,,1.325,0,-0.716,0,1.48,0,,,,,,,,,,,,,,,,,,,,,,1.356
Abell_399,44.472425,13.02523889,0.071806,0.00044,153.2,18.76,204.34,22.45,0.74,5.8,0,4.4,0,0.561,0,0.343,0,1.94E-02,2.58E-02,0.005298,0.00015277,225,235.27,20.855,5.87E-11,6.14E-11,5.58E-12,2.14E+12,1.42E+11,7.15,0.62,2.29E-23,17.208,1.5725,10.325,0.94349,,,,,,,,,,,0.50298,281.48,0.717690514,0,0.532276785,0,2.251,0,,,,,,,,,,,,,,,,,,,,,Abell 399,58.2,1.29,1.26,1.09,1.3,0.28,17.412
Abell_400,44.42334583,6.024336111,0.0244,0,162.81,3.92,35.26,5.74,1.76,2.31,0,0.851,0,0.06,0,0.028,0,1.91E-02,2.14E-02,0.0019629,0.00012902,165.25,165.25,10.907,8.24E-12,8.24E-12,6.77E-13,4.53E+10,1.64E+09,2.503,0.14539,1.90E-23,19.617,1.7208,11.77,1.0325,0.32,0,,,,,,,,,0.24302,99.832,0.85961693,0,0.749414864,0,2.0604,0,,,,,,,,,,,,,,,,,,,,,,,,,,,,27.807
Abell_401,44.73716667,13.57069722,0.073664,0.00036,166.86,7.7,81.79,10.43,1.4,8.07,0,8.39,0,0.609,0,0.372,0,2.01E-02,2.68E-02,0.00764,0.00020593,177.92,181.49,17.312,8.54E-11,8.71E-11,8.49E-12,1.26E+12,8.83E+10,7.04,0.66,2.32E-23,11.617,1.1333,6.9704,0.67995,1.1,0,,,,0,,,,,0.50156,291.891,0.588465168,0,0.51880351,0,2.5703,0,0.946,0,-1.244,0,1.08,0,,,,,,,,,,,,,,,Abell 401,58.5,1.3,1.27,0.24,0.28,0.06,11.982
Abell_426,49.95080833,41.51131389,0.0179,0,19.38,0.16,119.89,0.5,1.74,6.79,0,50,0,0.146,0,143,0,1.97E-02,2.15E-02,0.047741,0.0003063,25.858,25.858,0.20683,2.63E-10,2.63E-10,2.45E-12,1.83E+12,9.09E+09,3.4017,0.021655,1.84E-23,1.1329,0.010239,0.67972,0.0061434,7.11,0.1,34.46,0,12.16,2.43,69.99,7,6.66,0,0.11634,75.009,0.094374334,0,0.026797789,0,2.4453,0,,,,,,,150,30,100,,,,,,,,,150,30,100,Abell 426,50.3,1.11,1.09,41.07,48.86,10.46,1.333
Abell_478,63.35560417,10.46531944,0.0881,0,7.81,0.92,122,2.58,0.97,7.07,0,16.7,0,6.03,0,7.87,0,1.63E-02,2.44E-02,0.053025,0.0010745,33.85,33.85,1.9613,4.10E-10,4.10E-10,2.46E-11,3.71E+12,1.53E+11,4.6779,0.26564,2.02E-23,1.2763,0.076954,0.7658,0.046172,,,2.39,0,2.15,0.44,0.98,0.1,7.84,0,0.66073,340.461,0.101002997,0,0.266853264,0,3.7309,0,0.958,0,-0.817,0,1.29,0,100,20,80,,,,,,,,,100,20,80,Abell 478,37.7,0.82,0.81,1.22,1.45,0.31,1.407
Abell_496,68.40849167,-13.26101389,0.0329,0,8.91,0.66,216.33,10.45,1.27,3.89,0,0.575,0,0.718,0,3.27,0,1.85E-02,2.16E-02,0.020525,0.00098446,39.652,39.652,3.0635,9.88E-11,9.88E-11,8.41E-12,2.10E+12,1.08E+11,2.9991,0.21239,1.91E-23,2.2296,0.1907,1.3377,0.11442,,,,,,,,,,,0.08034,135.002,0.296530553,0,0.258178944,0,2.811,0,,,,,,,,,,,,,,,,,,,,,Abell 496,35.8,0.78,0.76,0.18,0.22,0.05,2.911
Abell_520,73.54292917,2.9268,0.199,0,325.54,29.22,10.22,11.8,2.09,7.4,0,13.1,0,5.01,0,3.24,0,1.64E-02,3.29E-02,0.0035261,0.0014073,313.78,313.78,94.975,4.15E-11,4.15E-11,1.76E-11,2.02E+12,2.14E+11,7.1278,0.98994,2.29E-23,25.822,10.912,15.493,6.5471,,,,,,,,,,,0.76915,685.915,0.582924348,0,0.46997926,0,2.2009,0,0.346,0,-1.625,0,1.19,0,,,,,,,,,,,,,,,,,,,,,,26.122
Abell_521,73.52640417,-10.22135556,0.2533,0,259.87,36.25,245.43,61.81,1.91,6.74,0,9.85,0,,,4.29,0,1.95E-02,3.91E-02,0.0038055,0.00024352,229.5,289.23,42.976,3.45E-11,4.35E-11,6.66E-12,1.74E+12,2.33E+11,7.05,1.02,2.25E-23,24.082,3.8098,14.449,2.2859,,,,,,,,,,,0.80086,814.312,,,,,,,0.42,0,-1.528,0,1.03,0,,,,,,,,,,,,,,,,,,,,,,24.071
Abell_539,79.1555625,6.440327778,0.0284,0,22.59,4.49,493.32,165.56,1.05,3.24,0,1.82,0,,,0.041,0,1.99E-02,2.27E-02,0.0037963,0.00095688,117.49,122.45,21.231,1.76E-11,1.83E-11,4.58E-12,4.42E+12,2.15E+11,3.0596,0.20648,1.70E-23,13.848,3.6135,8.3091,2.1681,0.15,0.04,,,,,,,,,0.31386,119.109,0.79069453,0,0.728207897,0,2.4012,0,,,,,,,,,,,,,,,,,,,,,Abell 539,11.3,0.23,0.23,0.25,0.3,0.06,15.896
Abell_562,103.3396833,69.33088611,0.11,0,202.06,39.29,34.61,45.25,1.09,3.04,0,2.14,0,,,0.677,0,1.98E-02,2.97E-02,0.0026563,0.00084463,216.27,216.27,49.538,1.79E-11,1.79E-11,5.88E-12,1.54E+12,9.83E+10,3.7127,0.40442,1.85E-23,22.07,7.418,13.242,4.4508,,,,,,,,,,,0.33336,413.692,,,,,,,,,,,,,,,,,,,,,,,,,,,,,,,,,,25.026
Abell_576,110.3766417,55.76165278,0.0389,0,95.29,15.44,221.21,31.54,1.41,4.09,0,0.47,0,0.157,0,0.094,0,1.88E-02,2.25E-02,0.0063756,0.00107,109.36,114.88,14.233,3.88E-11,4.08E-11,7.01E-12,4.18E+11,2.04E+10,4.0498,0.25208,2.00E-23,9.2518,1.6561,5.5511,0.99365,,,,,,,,,,,0.17923,157.386,0.507851729,0,0.356569728,0,2.0605,0,,,,,,,,,,,,,,,,,,,,,Abell 576 (affected by star),,,,,,,10.89
Abell_586,113.0847458,31.63294167,0.171,0,94.75,19.22,92.06,25.54,1.25,8.7,0,8.61,0,3.5,0,4.91,0,1.44E-02,2.88E-02,0.019841,0.0023626,101.26,101.26,13.603,2.39E-10,2.39E-10,3.84E-11,-5.37E+12,-4.27E+11,7.2689,0.81148,2.31E-23,4.6391,0.75722,2.7835,0.45433,,,,,,,,,,,0.33077,600.624,,,,,,,0.996,0,-1.077,0,1.07,0,,,,,,,,,,,,,,,,,,,,,,4.688
Abell_611,120.2368,36.05669167,0.288,0,124.93,18.61,164.35,31.45,1.25,6.69,0,10.9,0,10.9,0,7.26,0,2.14E-02,4.29E-02,0.00842,0.00046771,170.89,170.89,22.007,9.65E-11,9.65E-11,1.31E-11,6.91E+12,6.25E+11,6.9849,0.90169,2.36E-23,10.261,1.442,6.1564,0.86519,,,,,,,,,,,0.68594,892.971,,,,,,,0.876,0,-0.918,0,1.19,0,,,,,,,,,,,,,,,,,,,,,,10.829
Abell_644,124.3551042,-7.511119444,0.0704,0,132.36,9.15,85.91,11.68,1.55,6.6,0,7.61,0,0.346,0,0.325,0,1.97E-02,2.63E-02,0.010988,0.0016035,157.43,157.43,20.927,1.38E-10,1.38E-10,2.38E-11,1.27E+12,8.43E+10,7.3914,0.62852,2.44E-23,8.0608,1.3615,4.8365,0.81691,0.33,0,,,,,,,,,0.5111,274.981,0.456757303,0,0.465975709,0,3.1019,0,0.549,0,-1.08,0,1.14,0,,,,,,,,,,,,,,,Abell 644,28.4,0.61,0.6,0.2,0.24,0.05,8.536
Abell_665,127.746775,65.83890556,0.1819,0,134.57,23.45,106.34,25.14,1.06,8.3,0,13.5,0,3.96,0,2.53,0,1.51E-02,3.01E-02,0.010238,0.0019002,160.96,160.96,29.094,1.26E-10,1.26E-10,2.87E-11,-6.27E+11,-6.06E+10,7.5763,1,2.35E-23,9.1953,2.0942,5.5172,1.2565,,,,,,,,,,,0.86895,628.81,0.737640005,0,0.597581466,0,3.0744,0,0.213,0,-1.36,0,0.76,0,,,,,,,,,,,,,,,,,,,,,,9.275
Abell_697,130.7397875,36.36601389,0.282,0,166.67,24.45,108.16,29.13,1.1,9.06,0,26.3,0,10.4,0,6.92,0,2.03E-02,4.05E-02,0.010557,0.00030292,204.69,209.66,33.064,1.68E-10,1.73E-10,2.75E-11,9.49E+12,1.12E+12,10.09,1.58,2.83E-23,9.8482,1.5678,5.9089,0.94069,4.17,0,13.33,0,,,1.58,0.16,13.7,0,0.80997,879.813,,,,,,,1.164,0,-1.143,0,1.33,0,,,,,,,,,,,,,,,,,,,,,,10.381
Abell_744,136.8352292,16.65171667,0.0729,0,63.42,10.17,229.33,15.24,0.79,2.5,0,0.891,0,6.49,0,0.282,0,2.05E-02,2.74E-02,0.0040922,0.00027538,129.48,137.19,10.056,2.20E-11,2.33E-11,2.03E-12,2.09E+12,9.73E+10,3.51,0.21,1.90E-23,13.154,1.1844,7.8921,0.71064,0.65,0,,,,,,,,,0.21878,286.156,,,,,,,0.859,0,-0.989,0,0.99,0,,,,,,,,,,,,,,,,,,,,,,15.795
Abell_754,137.3257833,-9.685988889,0.0542,0,270.39,23.78,69.67,26.5,1.48,9.94,0,33.1,0,0.219,0,0.192,0,2.08E-02,2.60E-02,0.0048821,0.0013283,321.61,321.61,71.807,7.32E-11,7.32E-11,2.21E-11,2.06E+12,1.96E+11,8.2612,0.97328,2.49E-23,19.826,5.8781,11.895,3.5269,,,,,,,,,,,0.3954,217.851,0.529350435,0,0.230652203,0,2.3032,0,,,,,,,,,,,,,,,,,,,,,Abell 754,44.4,0.97,0.95,0.23,0.27,0.06,20.311
Abell_773,139.469025,51.72727222,0.217,0,244.32,31.73,41.1,22.52,1.6,8.53,0,13,0,5.86,0,3.8,0,1.74E-02,3.48E-02,0.0071385,0.0023063,273.02,273.02,73.781,1.17E-10,1.17E-10,4.24E-11,-3.85E+12,-4.61E+11,9.4053,1.4988,2.67E-23,14.414,5.1927,8.6486,3.1156,,,3.64,0,,,1.25,0.16,8.17,0,1.0079,725.04,,,,,,,1.031,0,-1.19,0,1.26,0,,,,,,,,,,,,,,,,,,,,,,14.822
Abell_907,149.5914417,-11.06409167,0.1527,0,23.38,3.22,187.01,8.11,1.05,5.04,0,6.26,0,,,47.7,0,2.62E-02,3.93E-02,0.01253,0.00026661,86.168,86.168,6.602,9.44E-11,9.44E-11,7.38E-12,6.80E+12,3.75E+11,4.6811,0.35578,2.09E-23,5.2238,0.41229,3.1343,0.24737,,,,,,,,,,,0.81219,547.316,0.165700916,0,0.382522313,0,4.3146,0,1.057,0,-0.859,0,1.24,0,,,,,,,,,,,,,,,,,,,,,,5.957
Abell_963,154.2656,39.04699167,0.206,0,55.77,12.86,169.12,20.27,0.9,6.6,0,10.7,0,5.21,0,3.37,0,1.67E-02,3.33E-02,0.013669,0.0013926,92.632,110.03,12.995,1.17E-10,1.39E-10,1.87E-11,5.68E+12,5.11E+11,6.29,0.65,2.37E-23,5.6636,0.82189,3.3982,0.49313,2.7,0,,,,,,,,,0.61824,695.429,0.329079364,0,0.43658851,0,3.5073,0,1.147,0,-0.921,0,1.32,0,,,,,,,,,,,,,,,,,,,,,,6.33
Abell_1060,159.17845,-27.52835,0.0126,0,72,5.2,178.34,100.88,1.25,3.2,0,0.012,0,,,0.01,0,2.01E-02,2.14E-02,0.0065835,0.00054719,102.21,102.21,9.5475,9.19E-11,9.19E-11,2.47E-11,1.08E+12,5.95E+10,3.5423,0.2708,1.93E-23,8.1193,0.91689,4.8716,0.55014,0.1,0,,,,,,,,,0.05611,52.724,0.589242148,0,0.432737961,0,1.9146,0,,,,,,,,,,,,,,,,,,,,,,,,,,,,9.863
Abell_S1063,342.1845583,-44.53010278,0.3475,0,169.59,19.67,42.21,17.72,1.72,11.1,0,71.5,0,,,21.1,0,2.47E-02,4.94E-02,0.023239,0.0015212,189.48,189.48,30.533,5.81E-10,5.81E-10,9.78E-11,1.04E+13,1.18E+12,13.107,2.0803,3.07E-23,5.3596,0.92015,3.2158,0.55209,,,0.4,0,,,0.82,0.13,17.78,0,1.0116,1026.408,,,,,,,,,,,,,,,,,,,,,,,,,,,,,,,,,,5.375
Abell_1068,160.1855,39.95285556,0.1375,0,9.11,1.03,108.8,3.24,1.31,3.87,0,4.77,0,226,0,12.8,0,2.40E-02,3.60E-02,0.03086,0.00066023,33.618,33.618,2.3386,3.97E-10,3.97E-10,6.80E-11,5.19E+12,2.59E+11,3.3486,0.22681,1.82E-23,1.7386,0.1235,1.0432,0.074097,2.6,0.6,93.15,0,159.87,32.12,119.39,11.94,6.08,0,0.44977,501.275,0.177433375,0,0.428590213,0,4.4498,0,1.05,0,-0.688,0,1.51,0,20,0,0,,,,,,,,,20,0,0,,,,,,,,2.046
Abell_1201,168.2270375,13.43576667,0.1688,0,64.81,16.87,198.94,25.18,1.03,6.9,0,4.08,0,3.41,0,2.17,0,1.42E-02,2.85E-02,0.011579,0.001413,68.614,102.57,12.457,6.59E-11,9.85E-11,1.34E-11,2.03E+12,2.42E+11,5.25,0.57,1.96E-23,6.7463,1.1019,4.0478,0.66114,,,,,,,,,,,0.47671,594.335,0.533226994,0,0.449484075,0,2.5778,0,0.488,0,-1.074,0,1.08,0,,,,,,,,,,,,,,,,,,,,,,6.827
Abell_1204,168.3350792,17.59401389,0.1706,0,15.31,1.42,81.83,3.64,1.4,3.78,0,3.98,0,6.38,0,2.22,0,1.38E-02,2.75E-02,0.052448,0.0017018,23.409,23.409,1.5203,2.79E-10,2.79E-10,1.93E-11,2.09E+12,9.38E+10,3.3596,0.20768,1.85E-23,1.0091,0.070448,0.60544,0.042269,0.76,0,4.44,0,8.1,1.68,3.72,0.4,4.27,0,0.3441,599.483,,,,,,,1.171,0,-0.558,0,1.2,0,,,,,,,,,,,,,,,,,,,,,,1.206
Abell_1240,170.9098208,43.09675833,0.159,0,462.4,41.66,8.27,18.17,2.37,4.77,0,,,,,1.51,0,1.36E-02,2.71E-02,0.00092011,0.00026394,424.48,457.71,112.73,5.99E-12,6.45E-12,2.04E-12,2.33E+10,3.15E+09,4.33,0.74,1.66E-23,82.515,27.552,49.509,16.531,,,,,,,,,,,0.82637,565.925,,,,,,,,,,,,,,,,,,,,,,,,,,,,,,,,,,78.023
Abell_1361,175.9151542,46.35566944,0.1171,0,18.64,4.9,117.86,10.53,1.06,4.08,0,2.39,0,7.75,0,267,0,2.09E-02,3.13E-02,0.016011,0.0010739,40.863,48.485,5.8047,6.73E-11,7.99E-11,1.01E-11,3.05E+12,3.01E+11,3.08,0.35,1.62E-23,3.4578,0.45628,2.0747,0.27377,,,3.21,0,2.06,0.44,0.73,0.08,4.94,0,0.15671,436.849,,,,,,,,,,,,,,,,,,,,,,,,,,,,,,,,,,3.782
Abell_1413,178.8245542,23.40606667,0.1427,0,64.03,8.33,123.19,12.99,1.19,8.9,0,10.2,0,2.38,0,1.6,0,2.37E-02,3.56E-02,0.017531,0.00041935,89.969,90.687,7.6923,1.72E-10,1.74E-10,1.51E-11,6.08E+12,3.75E+11,6.5444,0.66313,2.37E-23,4.6022,0.47915,2.7613,0.28749,2.32,0,,,,,,,,,0.37955,516.906,0.240819865,0,0.280004364,0,2.9965,0,1.333,0,-0.981,0,1.71,0,,,,,,,,,,,,,,,,,,,,,,5.034
Abell_1423,179.3219292,33.6104,0.213,0,68.32,68.32,124.17,12.85,1.2,8.5,0,7.07,0,5.62,0,4.6,0,1.71E-02,3.43E-02,0.01411,0.00078606,82.669,92.821,14.542,1.10E-10,1.24E-10,1.99E-11,2.63E+12,3.31E+11,5.42,0.83,2.11E-23,5.322,0.86724,3.1932,0.52034,,,,,,,,,,,0.85648,714.739,,,,,,,0.9,0,-1.024,0,0.85,0,,,,,,,,,,,,,,,Abell 1423,5.6,0.67,0.66,0,0.49,0.11,5.692
Abell_1446,180.5156,58.03831389,0.1035,0,152.38,43.81,119.5,49.55,0.67,4,0,,,,,0.594,0,1.88E-02,2.81E-02,0.0037235,0.000912,224.12,224.12,43.948,3.25E-11,3.25E-11,8.70E-12,2.39E+12,1.90E+11,4.8142,0.52587,2.10E-23,18.001,4.8277,10.801,2.8966,0.76,0,,,,,,,,,0.53441,392.149,0.683463072,0,0.551218695,0,2.4521,0,,,,,,,,,,,,,,,,,,,,,,,,,,,,20.33
Abell_1569,189.1083958,16.53828056,0.0735,0,110.1,27.79,149.14,28.89,0.51,2.51,0,,,,,0.287,0,2.07E-02,2.76E-02,0.0021117,0.00037637,219.43,219.43,29.788,1.24E-11,1.24E-11,2.35E-12,7.21E+11,3.47E+10,3.1818,0.25243,1.53E-23,28.776,5.6142,17.266,3.3685,0.36,0,,,,,,,,,0.42019,288.309,,,,,,,,,,,,,,,,,,,,,,,,,,,,,,,,,,29.142
Abell_1576,189.2428083,63.18718889,0.279,0,186.24,49.11,98.35,47.6,1.38,8.65,0,31.6,0,,,39.4,0,2.10E-02,4.19E-02,0.0088801,0.0022271,202.87,213.14,65.244,3.00E-10,3.16E-10,2.68E-10,-2.75E+12,-5.53E+11,9.14,2.39,2.46E-23,12.199,4.4198,7.3192,2.6519,,,,,,,,,,,1.0478,873.166,,,,,,,,,,,,,,,,,,,,,,,,,,,,,,,,,,11.746
Abell_1644,194.2986042,-17.40912778,0.0473,0,19.03,1.16,585.67,81.85,1.76,4.6,0,,,0.522,0,5.63,0,1.82E-02,2.28E-02,0.0094602,0.0005219,55.891,55.891,3.9333,3.83E-11,3.83E-11,3.12E-12,2.25E+12,9.89E+10,2.7749,0.17749,1.94E-23,4.4188,0.37324,2.6513,0.22395,0.63,0,,,,,,,,,0.29352,190.582,0.49236086,0,0.339742858,0,4.133,0,,,,,,,,,,,,,,,,,,,,,Abell 1644,62,1.02,1,0.55,0.22,0.05,6.075
Abell_1650,194.6729125,-1.762311111,0.083838,0.000183,37.96,9.95,159.89,12.1,0.84,5.89,0,4.37,0,0.05,0,0.484,0,2.34E-02,3.12E-02,0.01546,0.00098081,85.381,85.381,11.754,1.33E-10,1.33E-10,1.93E-11,3.66E+12,3.52E+11,5.3461,0.73652,2.18E-23,4.6409,0.7039,2.7845,0.42234,,,,,,,,,,,0.27938,326.546,0.306761051,0,0.342380332,0,2.9351,0,0.857,0,-1.034,0,1.15,0,,,,,,,,,,,,,,,Abell 1650,27.6,0.53,0.52,0.03,0.12,0.03,5.16
Abell_1651,194.845125,-4.196072222,0.084945,0.00019,89.46,11.07,115.53,15.16,0.97,7,0,6.71,0,0.781,0,0.852,0,2.24E-02,2.98E-02,0.008829,0.00048251,155.51,156.84,18.895,9.50E-11,9.58E-11,1.22E-11,2.83E+12,2.41E+11,6.7,0.77,2.43E-23,9.1215,1.1608,5.4729,0.69647,,,,,,,,,,,0.29836,325.497,,,,,,,0.982,0,-1.133,0,1.15,0,,,,,,,,,,,,,,,Abell 1651,46.3,0.69,0.67,0.19,0.1,0.02,10.115
Abell_1664,195.9275917,-24.24488611,0.128315,0.00032,14.4,0.98,141.84,6.05,1.7,3.5,0,3.15,0,,,17.1,0,2.25E-02,3.38E-02,0.021167,0.00035835,36.187,36.187,2.5164,9.50E-11,9.50E-11,6.71E-12,3.10E+12,1.56E+11,2.7629,0.19,1.77E-23,2.156,0.15269,1.2936,0.091612,16.13,0.27,10,0,11.53,3.12,5.8,0.58,4.9,0,0.40509,470.395,0.197726373,0,0.381968867,0,4.1383,0,0.67,0,-0.717,0,0.81,0,,,,,,,,,,,,,,,,,,,,,,2.709
Abell_1689,197.8733833,-1.341302778,0.1832,0,78.44,7.56,111.77,13.83,1.35,10.1,0,28.1,0,0.28,0,2.64,0,1.53E-02,3.06E-02,0.0335,0.0010742,92.133,92.133,8.0784,5.20E-10,5.20E-10,4.72E-11,2.42E+12,1.51E+11,9.135,0.8496,2.70E-23,2.9463,0.28985,1.7678,0.17391,,,10.88,0,0.82,0,2.17,0.22,6.27,0,0.91681,637.969,0.193761265,0,0.407164148,0,3.9,0,1.298,0,-0.836,0,1.4,0,,,,,,,,,,,,,,,,,,,,,,3.113
Abell_1736,201.7060542,-27.16336944,0.0458,0,150.35,38.25,127.25,37.91,0.99,3.45,0,3.47,0,0.007,0,0.072,0,1.99E-02,2.65E-02,0.0030701,0.00063281,177.36,177.36,27.973,1.86E-11,1.86E-11,4.10E-12,9.89E+11,5.61E+10,3.588,0.29,1.62E-23,21.097,4.6709,12.658,2.8026,0.23,0,,,,,,,,,0.27198,138.952,0.87910509,0,0.792944945,0,1.9768,0,,,,,,,,,,,,,,,,,,,,,Abell 1736,27.1,0.6,0.58,0.15,0.17,0.04,21.286
Abell_1758,203.2016583,50.54236944,0.279,0,230.84,37.22,144.04,50.23,1.21,7.95,0,21.1,0,10.2,0,6.76,0,2.01E-02,4.02E-02,0.0051292,0.00016112,179.67,271.33,43.871,4.44E-11,6.71E-11,1.09E-11,3.30E+12,5.89E+11,8.07,1.3,2.39E-23,19.225,3.1553,11.535,1.8932,,,3.28,0,,,0.93,0.13,8.51,0,0.70369,873.61,0.626124488,0,0.391144995,0,2.067,0,,,,,,,,,,,,,,,,,,,,,,,,,,,,19.108
Abell_1763,203.8248208,40.99883333,0.223,0,214.69,32.84,70.8,29.05,1.37,6.9,0,9.33,0,4.22,0,2.71,0,1.54E-02,3.09E-02,0.006234,0.0023011,258.96,258.96,69.753,8.86E-11,8.86E-11,3.41E-11,-2.13E+12,-1.71E+11,8.4758,1.0383,2.48E-23,15.977,6.2136,9.5861,3.7281,1.06,0,7.68,0,2.26,0,1.14,0.34,4.18,0,0.9985,644.311,,,,,,,0.686,0,-1.223,0,0.83,0,,,,,,,,,,,,,,,,,,,,,,16.112
Abell_1795,207.2200083,26.589875,0.062476,0.000294,18.99,1.05,130.38,2.77,1.18,7.8,0,7.81,0,8.77,0,95.2,0,2.27E-02,2.83E-02,0.026506,0.00036361,45.091,45.091,2.6833,1.72E-10,1.72E-10,1.04E-11,2.89E+12,1.24E+11,3.994,0.24301,1.95E-23,2.2588,0.14088,1.3553,0.08453,2.39,0.2,,,,,,,,,0.37941,248.339,0.174163149,0,0.282930966,0,3.5662,0,0.78,0,-0.856,0,1.39,0,160,50,230,,,,,,,,,160,50,230,Abell 1795,30.4,0.32,0.32,0.54,0.01,0,2.601
Abell_1835,210.2581292,2.878661111,0.2532,0,11.44,2.47,111.71,7.91,1.26,7.65,0,39.6,0,504,0,84.9,0,1.87E-02,3.75E-02,0.080362,0.00057896,28.675,28.675,2.8923,6.95E-10,6.95E-10,7.02E-11,4.05E+12,2.99E+11,4.9553,0.44767,2.01E-23,0.89498,0.081111,0.53699,0.048666,23.56,1.07,235.37,0,134.96,27.86,97.17,9.72,15.03,0,0.5992,814.077,0.107111583,0,0.397616994,0,4.5165,0,1.16,0,-0.636,0,1.56,0,1800,600,1900,,,,,,,,,1800,600,1900,,,,,,,,0.956
Abell_1914,216.51275,37.8244,0.1712,0,107.16,18.04,131.15,28.3,1.05,10.5,0,26.4,0,3.51,0,2.24,0,1.38E-02,2.76E-02,0.017262,0.00031316,104.06,132.05,18.309,1.94E-10,2.47E-10,3.43E-11,7.22E+11,9.29E+10,8.82,1.22,2.68E-23,5.5706,0.77714,3.3424,0.46628,0.58,0,0.35,0,,,0.31,0.04,3.89,0,0.49693,601.194,0.577614511,0,0.451247835,0,2.6242,0,0.518,0,-1.07,0,1.26,0,,,,,,,,,,,,,,,,,,,,,,5.936
Abell_1942,219.5911583,3.670269444,0.224,0,107.73,77.72,194.08,88.68,0.66,5.12,0,2.3,0,6.28,0,1220,0,1.78E-02,3.56E-02,0.0062395,0.0009614,190.25,190.25,33.41,6.52E-11,6.52E-11,1.37E-11,5.18E+12,5.41E+11,6.1213,0.9133,2.24E-23,12.809,2.7473,7.6855,1.6484,,,,,,,,,,,0.99722,742.841,,,,,,,,,,,,,,,,,,,,,,,,,,,,,,,,,,13.68
Abell_1991,223.63175,18.64485556,0.0587,0,1.53,0.32,152.21,4.17,1.09,5.4,0,0.451,0,0.596,0,3.25,0,2.16E-02,2.70E-02,0.013808,0.00049399,37.422,37.422,2.0489,4.82E-11,4.82E-11,2.93E-12,2.61E+12,9.42E+10,2.1919,0.11112,1.95E-23,2.374,0.1473,1.4244,0.088382,0.56,0,,,,,,,,,0.19979,234.285,0.22489264,0,0.387752573,0,4.0085,0,,,,,,,,,,,,,,,,,,,,,Abell 1991,31.9,1.18,1.15,0.3,0.37,0.08,3.699
Abell_1995,223.2392083,58.04912222,0.3186,0,374.35,60.08,26.81,32.93,2.08,8.6,0,10.3,0,,,7.29,0,2.30E-02,4.60E-02,0.0048736,0.00030777,423.99,423.99,133.97,9.62E-11,9.62E-11,3.07E-11,8.18E+12,1.88E+12,10.704,3.0336,2.78E-23,23.038,6.6894,13.823,4.0137,2.36,0,,,,,,,,,0.98881,957.34,,,,,,,0.974,0,-1.083,0,1.45,0,,,,,,,,,,,,,,,,,,,,,,23.16
Abell_2029,227.7339125,5.744575,0.07728,0.00056,10.5,0.67,163.58,2.12,0.95,7.38,0,15.6,0,0.643,0,82.2,0,2.06E-02,2.74E-02,0.03757,0.00021012,55.917,55.917,2.5759,3.82E-10,3.82E-10,1.77E-11,5.47E+12,1.84E+11,6.2461,0.28386,2.39E-23,2.0337,0.09312,1.2202,0.055872,1.72,0,,,,,,,,,0.50015,299.029,0.086967109,0,0.163227738,0,3.6278,0,1.2,0,-0.79,0,1.19,0,87,4,49,,,,,,,,,87,4,49,Abell 2029,114.4,0.5,0.49,0.8,0.17,0.04,2.295
Abell_2034,227.552075,33.51099167,0.113,0,232.64,23.04,85.07,22.58,1.14,7.15,0,6.5,0,1.45,0,0.904,0,2.33E-02,3.50E-02,0.0054132,0.00075108,227.54,240.03,31.199,6.15E-11,6.49E-11,1.06E-11,2.57E+12,1.91E+11,7.4,0.71,2.38E-23,16.743,2.8245,10.046,1.6947,,,,,,,,,,,0.89347,423.524,0.618669664,0,0.525810067,0,2.9767,0,1.029,0,-1.653,0,1.07,0,,,,,,,,,,,,,,,,,,,,,,17.337
Abell_2052,229.185475,7.021394444,0.035491,0.0003,9.45,0.66,164.72,2.59,1.25,2.98,0,5.13,0,1.38,0,174,0,2.08E-02,2.42E-02,0.018396,0.00024779,38.678,38.678,1.2361,8.03E-11,8.03E-11,2.69E-12,1.77E+12,3.98E+10,2.6499,0.082876,1.90E-23,2.2129,0.075357,1.3278,0.045214,0.41,0,0.34,0,0.54,0.11,0.47,0.05,4.89,0,0.12345,144.858,0.158256947,0,0.105196963,0,3.1697,0,,,,,,,150,70,200,,,,,,,,,150,70,200,Abell 2052,31.6,1.02,1,0.37,2.47,0.53,3.053
Abell_2063,230.7702125,8.6056,0.034937,0.00026,53.51,2.6,129.01,3.92,1.07,3.61,0,4.27,0,0.13,0,0.455,0,2.06E-02,2.41E-02,0.010232,0.00026356,74.749,74.749,4.1915,5.84E-11,5.84E-11,3.46E-12,1.05E+12,4.12E+10,3.506,0.19932,1.94E-23,5.1473,0.32127,3.0884,0.19276,0.31,0,,,,,,,,,0.28889,144.072,0.625354551,0,0.597354107,0,2.86,0,,,,,,,,,,,,,,,,,,,,,Abell 2063,23.2,1.05,1.02,0.14,0.46,0.1,6.313
Abell_2065,230.6229875,27.70636944,0.0726,0,43.95,6.48,195.29,10.59,1.02,5.35,0,2.95,0,0.584,0,0.357,0,2.05E-02,2.74E-02,0.0094809,0.0010958,88.453,94.206,10.201,6.09E-11,6.48E-11,8.76E-12,3.51E+12,2.21E+11,4.2895,0.35418,1.98E-23,6.6586,0.94583,3.9952,0.5675,0.35,0,,,,,,,,,0.54079,286.515,,,,,,,0.514,0,-1.119,0,0.7,0,,,,,,,,,,,,,,,Abell 2065,17.9,0.37,0.36,0.03,0.04,0.01,7.537
Abell_2069,231.0474,29.87195,0.116,0,453.25,35.63,54.57,36.31,1.47,7.9,0,3.86,0,1.54,0,0.957,0,2.07E-02,3.11E-02,0.001786,0.00022658,397.74,423.9,65.656,1.69E-11,1.81E-11,3.22E-12,1.43E+12,1.48E+11,6.24,0.83,2.21E-23,46.171,8.4867,27.703,5.092,,,,,,,,,,,0.49738,433.287,0.699404506,0,0.52641726,0,1.8889,0,,,,,,,,,,,,,,,,,,,,,,,,,,,,48.254
Abell_2104,235.0338792,-3.304172222,0.153349,0.000347,160.61,42.16,210.1,53.93,1.2,9.31,0,6.98,0,2.85,0,1.81,0,2.55E-02,3.82E-02,0.0071158,0.0004435,200.65,228.14,43.249,8.56E-11,9.73E-11,1.89E-11,8.55E+12,1.33E+12,8.5106,1.5958,2.38E-23,14.651,2.895,8.7907,1.737,,,,,,,,,,,0.34414,555.325,0.39122389,0,0.292311012,0,2.2357,0,1.462,0,-1.261,0,1.63,0,,,,,,,,,,,,,,,,,,,,,,14.144
Abell_2107,234.9129708,21.78268333,0.041148,0.000287,21.24,5.85,396.13,92.51,0.91,3.82,0,3.02,0,0.179,0,0.079,0,2.00E-02,2.40E-02,0.0065566,0.00020834,106.37,108.48,6.6722,3.96E-11,4.04E-11,2.65E-12,1.99E+12,8.60E+10,4.1507,0.29572,2.21E-23,8.3547,0.65176,5.0128,0.39106,0.57,0,,,,,,,,,0.25193,167.495,0.642691451,0,0.585662864,0,2.7895,0,,,,,,,,,,,,,,,,,,,,,Abell 2107,41.2,0.29,0.28,0.49,0.12,0.03,10.72
Abell_2111,234.9193208,34.42444722,0.229,0,107.36,97.29,193.98,118.71,0.65,8.02,0,7.51,0,6.65,0,4.34,0,1.82E-02,3.63E-02,0.007752,0.0021255,184.92,184.92,55.516,9.10E-11,9.10E-11,3.30E-11,5.16E+12,9.00E+11,7.2142,1.8314,2.29E-23,11.839,4.4237,7.1033,2.6542,2.17,0,,,,,,,,,0.83582,757.871,,,,,,,0.583,0,-1.535,0,0.65,0,,,,,,,,,,,,,,,,,,,,,,11.954
Abell_2124,236.2463792,36.109475,0.065625,0.000387,98.31,0,260.81,0,0.9,4.41,0,0.464,0,0.471,0,0.228,0,1.87E-02,2.49E-02,0.0042369,0.00035013,168.07,175.68,29.377,3.02E-11,3.16E-11,5.60E-12,2.30E+12,2.80E+11,4.6,0.73,2.10E-23,15.058,2.6943,9.0349,1.6166,0.76,0,,,,,,,,,0.14931,260.44,,,,,,,,,,,,,,,,,,,,,,,,,,,Abell 2124,47.5,0.94,0.92,0.39,0.3,0.06,17.464
Abell_2125,235.308975,66.26588889,0.2465,0,225.17,0,32.9,0,1.35,3.2,0,0.787,0,,,4.53,0,1.91E-02,3.83E-02,0.0023489,0.00026749,229.79,229.79,29.132,1.55E-11,1.55E-11,2.36E-12,2.26E+11,1.69E+10,3.5546,0.38502,1.85E-23,23.891,3.7548,14.335,2.2529,,,,,,,,,,,0.78485,798.151,,,,,,,,,,,,,,,,,,,,,,,,,,,,,,,,,,27.692
Abell_2142,239.587,27.22894722,0.0909,0,68.06,0,120.57,0,1.22,8.24,0,75.9,0,0.898,0,0.553,0,1.98E-02,2.38E-02,0.019013,0.00056618,83.566,87.595,4.6572,1.83E-10,1.92E-10,1.10E-11,1.85E+12,7.05E+10,6.3342,0.33756,2.21E-23,4.4097,0.2692,2.6458,0.16152,0.77,0,,,,,,,,,0.40005,345.645,0.240745317,0,0.182897019,0,2.7937,0,0.906,0,-1.003,0,0.82,0,,,,,,,,,,,,,,,Abell 2142,29.5,0.99,0.97,0.14,0.48,0.1,4.567
Abell_2147,240.5709375,15.97453333,0.035,0,151.86,0,136.19,0,0.55,4.45,0,0.726,0,0.134,0,0.41,0,2.09E-02,2.44E-02,0.0024875,0.00044728,262.4,262.4,40.579,1.94E-11,1.94E-11,3.97E-12,6.32E+11,4.53E+10,4.5141,0.42885,1.84E-23,28.863,5.8697,17.318,3.5218,0.35,0,,,,,,,,,0.19871,146.036,0.795147638,0,0.663442312,0,1.9339,0,,,,,,,,,,,,,,,,,,,,,Abell 2147,13.7,1.97,1.92,0.1,0.26,0.06,29.467
Abell_2151,241.1495292,17.72148889,0.0366,0,0.37,0,135.18,0,0.56,2.9,0,1.41,0,0.141,0,0.059,0,2.15E-02,2.51E-02,0.0063619,0.00058655,63.319,65.533,5.4299,2.24E-11,2.32E-11,2.46E-12,1.57E+12,6.89E+10,2.2643,0.13226,1.76E-23,5.911,0.64514,3.5466,0.38708,0.38,0,,,,,,,,,0.07518,149.959,,,,,,,,,,,,,,,,,,,,,,,,,,,,,,,,,,8.16
Abell_2163,243.9404375,-6.150172222,0.203,0,437.98,0,72.21,0,1.87,12.12,0,49.3,0,,,2.19,0,1.43E-02,2.86E-02,0.0060674,0.00019374,475.51,478.26,279.15,1.55E-10,1.56E-10,9.14E-11,5.52E+12,2.37E+12,15.91,9.28,3.30E-23,23.208,13.557,13.925,8.1343,,,,,,,,,,,0.59969,596.34,0.324471459,0,0.259193735,0,2.5886,0,0.649,0,-1.163,0,1,0,,,,,,,,,,,,,,,,,,,,,,22.68
Abell_2187,246.0584083,41.24375833,0.1836,0,78.63,0,170.71,0,0.96,7.3,0,12.6,0,,,,,1.52E-02,3.04E-02,0.0037426,0.0018165,203.57,247.66,75.716,7.14E-11,8.69E-11,8.89E-11,1.28E+13,1.72E+12,5.97,0.9,2.26E-23,20.587,10.463,12.352,6.2779,1.87,0,,,,,,,,,0.41077,635.201,,,,,,,,,,,,,,,,,,,,,,,,,,,,,,,,,,22.523
Abell_2199,247.1593708,39.55118889,0.030151,0.00023,13.27,0,331.46,0,1.35,4.14,0,0.808,0,1.42,0,83.2,0,2.07E-02,2.37E-02,0.018139,0.00086136,53.379,53.379,2.6777,1.08E-10,1.08E-10,6.65E-12,2.10E+12,5.99E+10,3.7927,0.15381,2.00E-23,3.0528,0.19064,1.8317,0.11438,0.49,0,0.58,0,,,0.35,0.03,6.35,0,0.10439,123.893,0.216142151,0,0.207085141,0,2.5889,0,,,,,,,270,60,250,,,,,,,,,270,60,250,Abell 2199,45.1,0.44,0.43,0.4,0.09,0.02,3.704
Abell_2204,248.1955,5.575794444,0.152158,0.000307,9.74,0,166.19,0,1.41,6.97,0,23,0,,,38.1,0,2.62E-02,3.92E-02,0.053484,0.00036582,48.433,48.433,4.4904,1.43E-09,1.43E-09,3.19E-10,1.17E+13,7.92E+11,5.808,0.40967,2.30E-23,1.3777,0.097629,0.82659,0.058577,,,6.06,0,10.27,2.14,4.55,0.46,5.68,0,1.0463,546.423,0.099468742,0,0.354535347,0,5.5897,0,1.638,0,-0.607,0,1.55,0,,,,,,,,,,,,,,,,,,,,,,1.555
Abell_2218,248.9617958,66.21175278,0.1756,0,288.56,0,10.72,0,2.35,6.7,0,8.46,0,3.52,0,2.24,0,1.44E-02,2.88E-02,0.0062956,0.0018873,333.21,333.21,86.855,1.16E-10,1.16E-10,3.98E-11,-4.40E+11,-5.40E+10,9.9463,1.6086,2.62E-23,17.587,5.9903,10.552,3.5942,,,,,,,,,,,0.77771,601.479,0.540983357,0,0.473428877,0,3.1694,0,0.834,0,-1.356,0,1.34,0,,,,,,,,,,,,,,,,,,,,,,17.283
Abell_2219,250.0838,46.7119,0.2256,0,411.57,0,17.01,0,1.97,9.81,0,38.3,0,6.37,0,4.15,0,1.79E-02,3.58E-02,0.010266,0.0013282,505.35,505.35,147.68,3.97E-10,3.97E-10,1.22E-10,1.29E+13,2.64E+12,20.447,4.9053,3.86E-23,15.052,4.1026,9.0312,2.4616,,,1.17,0,,,1.23,0.14,6.85,0,0.65352,746.869,0.341977944,0,0.320693589,0,2.57,0,0.931,0,-1.079,0,1.46,0,,,,,,,,,,,,,,,,,,,,,,15.196
Abell_2244,255.6774125,34.06037222,0.0968,0,57.58,0,109.07,0,1,5.57,0,5.54,0,1.05,0,0.803,0,1.77E-02,2.65E-02,0.016491,0.00090085,84.688,84.688,5.1845,1.47E-10,1.47E-10,1.08E-11,3.60E+12,1.30E+11,5.4388,0.27,2.14E-23,4.4926,0.33162,2.6955,0.19897,,,,,,,,,,,0.31865,369.255,0.186067864,0,0.230121104,0,2.8243,0,1.197,0,-0.996,0,1.15,0,,,,,,,,,,,,,,,Abell 2244,87.1,0.76,0.75,0.22,0.24,0.05,4.879
Abell_2255,258.1788958,64.06966944,0.0806,0,529.1,0,5.78,0,2.63,6.42,0,3.7,0,0.715,0,0.439,0,2.25E-02,2.99E-02,0.0020183,0.00017646,535.05,535.05,97.66,2.79E-11,2.79E-11,5.42E-12,1.66E+11,2.11E+10,8.1109,1.3044,2.37E-23,49.401,9.0427,29.641,5.4256,0.28,0,,,,,,,,,0.72598,313.204,0.799339355,0,0.722598697,0,2.2309,0,1.006,0,-1.911,0,1.32,0,,,,,,,,,,,,,,,Abell 2255,35.1,0.59,0.58,0.2,0.02,0,48.682
Abell_2256,255.9356958,78.63653056,0.0581,0,349.58,0,7.05,0,2.54,6.9,0,25.7,0,,,0.22,0,2.21E-02,2.76E-02,0.0028195,0.00021195,358.35,358.35,44.582,7.84E-11,7.84E-11,2.57E-11,1.44E+11,1.20E+10,6.8195,0.74983,2.31E-23,30.623,4.0788,18.374,2.4473,0.56,0,,,,,,,,,0.50052,231.31,0.756298893,0,0.609340976,0,1.9699,0,0.636,0,-1.513,0,1.1,0,,,,,,,,,,,,,,,Abell 2256,14.5,0.67,0.65,0.02,0.26,0.05,31.954
Abell_2259,260.0345792,27.66986944,0.164,0,113.98,0,60.96,0,1.36,4.94,0,5.43,0,3.2,0,2.04,0,1.39E-02,2.78E-02,0.0074023,0.0028787,137.9,137.9,38.849,6.28E-11,6.28E-11,2.54E-11,1.70E+12,1.38E+11,5.2334,0.62927,2.05E-23,10.049,4.0904,6.0291,2.4542,,,,,,,,,,,0.79216,580.501,,,,,,,0.991,0,-1.194,0,1.09,0,,,,,,,,,,,,,,,,,,,,,,10.662
Abell_2261,260.6135583,32.13294444,0.224,0,61.08,0,105.96,0,1.27,7.58,0,17.6,0,6.28,0,4.67,0,1.71E-02,3.42E-02,0.025848,0.00034876,83.337,83.732,9.7519,3.05E-10,3.07E-10,3.58E-11,5.63E+12,4.82E+11,7.32,0.85,2.42E-23,3.4131,0.39899,2.0478,0.2394,,,9.99,0,1.54,0,1.58,0.17,13.54,0,0.49519,742.841,,,,,,,1.025,0,-0.895,0,1.2,0,,,,,,,,,,,,,,,,,,,,,,3.611
Abell_2294,261.0422875,85.88604722,0.169347,0,156.31,0,235.74,0,1.03,7.1,0,10.4,0,,,2.44,0,1.43E-02,2.85E-02,0.010338,0.00034465,182.63,210.93,58.511,1.45E-10,1.68E-10,4.66E-11,5.38E+12,1.26E+12,10.01,2.77,2.82E-23,10.03,2.7956,6.018,1.6774,,,,,,,,,,,0.59839,620.423,,,,,,,0.715,0,-1.163,0,0.95,0,,,,,,,,,,,,,,,,,,,,,,10.558
Abell_2319,290.2901583,43.95598056,0.0557,0,270.23,0,39.42,0,1.76,9.49,0,12.7,0,6.45,0,0.206,0,2.15E-02,2.69E-02,0.0061434,0.00024692,274.07,274.07,11.784,9.15E-11,9.15E-11,4.79E-12,9.97E+10,2.46E+09,9.0035,0.7775,2.87E-23,14.911,1.4203,8.9468,0.85219,,,,,,,,,,,0.50881,224.969,0.729036375,0,0.669134867,0,2.4372,0,1.109,0,-1.372,0,1,0,,,,,,,,,,,,,,,Abell 2319,60.2,0.52,0.51,0.37,0.2,0.04,16.851
Abell_2384,328.0882417,-19.54775,0.0943,0,38.48,0,139.21,0,1.49,3.8,0,1.98,0,,,0.616,0,1.73E-02,2.59E-02,0.011677,0.00098592,38.509,52.847,3.7898,3.75E-11,5.15E-11,4.38E-12,,,2.72,0.16,1.78E-23,3.8126,0.39234,2.2876,0.2354,,,,,,,,,,,0.65721,361.769,0.650112706,0,0.613657702,0,3.7919,0,,,,,,,,,,,,,,,,,,,,,Abell 2384,19.2,0.38,0.37,0.03,0.12,0.03,4.873
Abell_2390,328.4034375,17.69566111,0.228,0,14.73,0,202.92,0,1.07,9.16,0,35.6,0,66.3,0,409,0,1.74E-02,3.49E-02,0.035362,0.00029743,61.892,61.892,6.5808,3.82E-10,3.82E-10,4.07E-11,7.48E+12,5.83E+11,6.117,0.61858,2.25E-23,2.2401,0.22732,1.3441,0.13639,8.53,0.86,40.6,0,20.76,5.35,6.14,0.62,7.2,0,0.55773,758.12,0.13149739,0,0.220420251,0,3.5765,0,0.946,0,-0.827,0,1.34,0,,,,,,,,,,,,,,,,,,,,,,2.413
Abell_2409,330.2190292,20.96848611,0.1479,0,73.81,0,120.76,0,0.97,5.5,0,7.08,0,2.57,0,1.62,0,2.45E-02,3.67E-02,0.01176,0.00035975,109.33,112.74,18.505,1.08E-10,1.11E-10,1.84E-11,9.68E+12,1.19E+12,5.83,0.95,2.20E-23,6.5887,1.0924,3.9532,0.65543,,,,,,,,,,,0.40361,532.953,,,,,,,0.71,0,-1.157,0,1.18,0,,,,,,,,,,,,,,,,,,,,,,7.083
Abell_2420,332.5783,-12.170375,0.0846,0,332.56,0,64.33,0,1.12,7.89,0,,,,,0.484,0,2.35E-02,3.13E-02,0.0047058,0.0019736,360.52,360.52,134.02,1.85E-10,1.85E-10,2.16E-10,4.97E+11,8.92E+10,9.2853,2.0738,2.88E-23,20.013,9.5091,12.008,5.7055,,,,,,,,,,,0.68111,327.594,,,,,,,0.757,0,-1.441,0,1.17,0,,,,,,,,,,,,,,,RXCJ2210.3-1210,48.1,1.24,1.22,0.23,0.09,0.02,22.34
Abell_2462,339.7973625,-17.34120278,0.0733,0,129.68,0,83.2,0,0.77,2.5,0,,,,,0.289,0,2.07E-02,2.76E-02,0.0027585,0.00061688,157.06,157.06,28.473,1.38E-11,1.38E-11,3.40E-12,3.34E+11,2.53E+10,2.9276,0.29845,1.90E-23,16.342,4.0164,9.8052,2.4098,0.64,0,,,,,,,,,0.5041,289.026,,,,,,,,,,,,,,,,,,,,,,,,,,,,,,,,,,21.399
Abell_2537,347.0929708,-2.191633333,0.295,0,110.41,0,124.72,0,1.26,6.08,0,10.2,0,,,7.68,0,2.09E-02,4.18E-02,0.015885,0.0029285,128.98,131.51,24.375,2.10E-10,2.14E-10,4.90E-11,3.00E+12,3.16E+11,8.31,1.17,2.69E-23,5.6845,1.3186,3.4107,0.79119,,,,,,,,,,,0.3554,908.095,,,,,,,1.122,0,-1.011,0,1.29,0,,,,,,,,,,,,,,,,,,,,,,6.261
Abell_2554,348.0817583,-21.50314444,0.1108,0,105.09,0,318.36,0,0.66,6.4,0,1.66,0,,,0.681,0,1.98E-02,2.98E-02,0.0051301,0.0013762,239.7,239.7,55.114,5.93E-11,5.93E-11,1.81E-11,5.14E+12,5.45E+11,7.13,1.0054,2.17E-23,18.66,5.6549,11.196,3.3929,0.82,0,,,,,,,,,0.59495,414.678,,,,,,,,,,,,,,,,,,,,,,,,,,,,,,,,,,17.957
Abell_2556,348.2558875,-21.634575,0.0871,0,12.38,0,115.76,0,1.13,10.85,0,1.53,0,,,0.507,0,2.29E-02,3.05E-02,0.021158,0.00045302,37.413,37.413,2.5405,9.81E-11,9.81E-11,6.84E-12,3.27E+12,1.59E+11,2.9619,0.20611,1.75E-23,2.3317,0.16976,1.399,0.10186,0.7,0,,,,,,,,,0.25196,333.172,0.339398019,0,0.461180342,0,3.5526,0,,,,,,,,,,,,,,,,,,,,,RXCJ2313.0-2138,25.7,0.55,0.54,0.21,0.33,0.07,2.806
Abell_2589,350.9888125,16.77734167,0.0414,0,51.99,0,109.56,0,0.61,3.7,0,0.33,0,0.183,0,0.087,0,2.02E-02,2.42E-02,0.0074923,0.0029673,96.361,96.361,29.026,4.48E-11,4.48E-11,1.89E-11,1.89E+12,2.01E+11,3.6403,0.61943,2.04E-23,6.9461,2.9941,4.1677,1.7965,0.47,0,,,,,,,,,0.11704,169.045,0.573845726,0,0.417986612,0,2.0996,0,,,,,,,,,,,,,,,,,,,,,Abell 2589,30.4,0.91,0.89,0.22,0.74,0.16,8.786
Abell_2597,351.3324125,-12.12434167,0.0852,0,10.6,0,98.88,0,1.26,3.58,0,1.47,0,53.8,0,373,0,2.27E-02,3.03E-02,0.035399,0.00057924,29.155,29.155,2.5724,1.80E-10,1.80E-10,1.61E-11,2.58E+12,1.65E+11,3.1708,0.26074,1.82E-23,1.4341,0.12024,0.86047,0.072145,2.52,0.19,3.23,0,3.31,1,1.37,0.15,3.9,0,0.09086,330.386,0.069344754,0,0.073665512,0,2.5644,0,1.446,0,-0.63,0,1.99,0,67,29,87,,,,,,,,,67,29,87,Abell 2597,19,0.26,0.26,0.69,0.2,0.04,1.735
Abell_2626,354.1268833,21.14648889,0.0553,0,23.19,0,144.08,0,1.05,2.9,0,0.661,0,0.596,0,4.68,0,2.19E-02,2.74E-02,0.011532,0.0007344,52.808,52.808,4.2543,5.04E-11,5.04E-11,4.71E-12,2.29E+12,1.15E+11,2.6919,0.18809,1.72E-23,3.9643,0.37479,2.3786,0.22487,0.67,0,0.92,0,0.34,0,0.32,0.03,5.34,0,0.20681,229.074,0.456621469,0,0.492260975,0,3.2061,0,,,,,,,,,,,,,,,,,,,,,Abell 2626,36.9,1.21,1.19,0.1,0.81,0.17,4.908
Abell_2631,354.4106667,0.268061111,0.273,0,308.81,0,29.18,0,1.44,9.6,0,12.7,0,10.1,0,6.69,0,2.09E-02,4.18E-02,0.0052568,0.00051519,322.32,322.32,69.773,8.30E-11,8.30E-11,1.90E-11,2.94E+11,4.45E+10,8.6731,1.7978,2.46E-23,19.614,4.497,11.768,2.6982,,,,,,,,,,,1.0031,870.717,,,,,,,0.579,0,-1.566,0,0.88,0,,,,,,,,,,,,,,,,,,,,,,19.328
Abell_2657,356.2385542,9.191872222,0.0402,0,65.39,0,153.55,0,0.91,3.77,0,4.27,0,0.171,0,0.075,0,1.96E-02,2.35E-02,0.007005,0.0014779,109.52,109.52,17.079,4.55E-11,4.55E-11,1.01E-11,1.18E+12,5.81E+10,3.9842,0.27,2.06E-23,8.0494,1.7837,4.8296,1.0702,,,,,,,,,,,0.35239,164.003,0.833166745,0,0.773130005,0,2.8941,0,,,,,,,,,,,,,,,,,,,,,Abell 2657,12.6,0.18,0.17,0.17,0.33,0.07,9.831
Abell_2667,357.9141458,-26.08409722,0.23,0,19.31,0,93.44,0,1.31,6.31,0,20.1,0,,,33.7,0,1.74E-02,3.49E-02,0.041077,0.00060327,32.447,33.683,3.2913,2.57E-10,2.67E-10,2.62E-11,3.93E+12,2.91E+11,4.2488,0.45229,2.17E-23,1.3921,0.14959,0.83526,0.089757,2.32,0.68,75.94,0,,,31.97,3.2,4.84,0,0.40074,757.871,,,,,,,0.936,0,-0.729,0,1.35,0,,,,,,,,,,,,,,,,,,,,,,1.731
Abell_2717,0.804033333,-35.93336944,0.049,0,27.05,0,151.19,0,0.75,2.56,0,0.26,0,,,0.102,0,1.84E-02,2.29E-02,0.006825,0.00088944,66.705,68.092,6.9804,2.65E-11,2.71E-11,3.79E-12,1.49E+12,6.38E+10,2.45,0.14,1.98E-23,5.293,0.75319,3.1758,0.45192,0.41,0,,,,,,,,,0.33074,192.11,,,,,,,,,,,,,,,,,,,,,,,,,,,,,,,,,,7.912
Abell_2744,3.581370833,-30.39173333,0.308,0,438.44,0,46.39,0,1.41,9.61,0,29.2,0,,,8.49,0,2.25E-02,4.49E-02,0.0041016,0.0010885,336.43,438.27,91.48,1.37E-10,1.79E-10,1.11E-10,-3.30E+12,-4.99E+11,11.23,1.78,2.71E-23,29.478,9.1121,17.687,5.4673,,,36.16,0,4.88,0,2.31,0.25,7.94,0,1.3256,935.549,0.539328933,0,0.398231805,0,2.8687,0,0.404,0,-1.224,0,0.91,0,,,,,,,,,,,,,,,,,,,,,,28.187
Abell_2813,10.85367083,-20.62363333,0.2924,0,267.63,0,90.43,0,1.76,8.39,0,,,,,5.97,0,2.17E-02,4.33E-02,0.0032713,0.00046166,298.16,348.96,74.462,3.48E-11,4.08E-11,9.44E-12,7.27E+12,1.23E+12,7.69,1.52,2.21E-23,31.108,7.5552,18.665,4.5331,,,,,,,,,,,0.67167,902.506,,,,,,,,,,,,,,,,,,,,,,,,,,,,,,,,,,29.246
Abell_3084,46.01633333,-36.94088056,0.0977,0,96.74,0,193.67,0,1.08,4.56,0,,,,,0.525,0,1.78E-02,2.67E-02,0.0051227,0.00058783,147.17,147.17,21.427,3.63E-11,3.63E-11,6.13E-12,2.15E+12,1.96E+11,4.3598,0.53489,1.84E-23,13.539,2.2744,8.1235,1.3646,0.64,0,,,,,,,,,0.48995,372.645,,,,,,,,,,,,,,,,,,,,,,,,,,,RXCJ0304.0-3656,21.1,0.45,0.44,0.03,0.03,0.01,14.062
Abell_3088,46.757225,-28.66540833,0.2534,0,82.78,0,216.83,0,1.71,6.71,0,38.9,0,,,4.29,0,1.95E-02,3.91E-02,0.012133,0.00053755,73.707,111.93,9.5322,7.65E-11,1.16E-10,1.02E-11,3.21E+12,2.96E+11,5.91,0.49,2.19E-23,6.5023,0.61126,3.9014,0.36676,,,,,,,,,,,0.78155,814.548,,,,,,,,,,,,,,,,,,,,,,,,,,,,,,,,,,6.913
Abell_3112,49.4903375,-44.2381,0.075252,0.0004,11.4,0,169.12,0,1.17,4.28,0,3.28,0,3.36,0,119,0,2.03E-02,2.70E-02,0.024797,0.00090482,42.235,42.235,3.3128,1.44E-10,1.44E-10,1.20E-11,3.49E+12,1.91E+11,3.6265,0.27175,2.04E-23,2.0891,0.17412,1.2534,0.10447,0.9,0,2.27,0,0.51,0,1.26,0.13,5.53,0,0.24739,282.92,0.223066883,0,0.369388106,0,3.7509,0,0.933,0,-0.844,0,1.13,0,,,,,,,,,,,,,,,Abell 3112,62.1,1.38,1.35,0.85,1.01,0.22,2.649
Abell_3120,50.48526667,-51.3265,0.069,0,17.29,0,206.17,0,0.99,4.39,0,,,,,2.71,0,1.95E-02,2.60E-02,0.0053453,0.00041782,68.226,73.271,7.7347,1.81E-11,1.94E-11,2.30E-12,2.86E+12,2.11E+11,2.24,0.21,1.91E-23,6.419,0.78352,3.8514,0.47011,0.55,0,,,,,,,,,0.1885,272.084,,,,,,,,,,,,,,,,,,,,,,,,,,,,,,,,,,9.66
Abell_3158,55.7278125,-53.62343333,0.0597,0,166.01,0,80.92,0,0.9,5.5,0,3.45,0,0.029,0,0.237,0,2.21E-02,2.77E-02,0.0062843,0.00025213,182.33,182.33,17.319,6.32E-11,6.32E-11,6.30E-12,1.15E+12,7.72E+10,5.8902,0.47114,2.26E-23,12.085,1.0814,7.2509,0.64885,0.6,0,,,,,,,,,0.47754,231.682,0.598118938,0,0.517848332,0,2.5214,0,1.092,0,-1.362,0,1.03,0,,,,,,,,,,,,,,,Abell 3158,37.9,0.83,0.81,0.23,0.28,0.06,13.324
Abell_3266,67.80543333,-61.45349722,0.0589,0,72.45,0,376.73,0,0.64,8.35,0,2.77,0,0.022,0,0.246,0,2.16E-02,2.70E-02,0.0067298,0.00041808,213.18,225.28,38.616,8.28E-11,8.75E-11,1.55E-11,4.57E+12,5.92E+11,8.073,1.3694,2.44E-23,14.344,2.5911,8.6062,1.5546,0.98,0,,,,,,,,,0.19948,235.399,0.593409767,0,0.345947954,0,2.0252,0,,,,,,,,,,,,,,,,,,,,,Abell 3266,71.9,1.61,1.57,0.76,0.91,0.19,14.566
Abell_3364,86.907075,-31.873225,0.1483,0,268.55,0,34.53,0,1.97,6.59,0,,,,,7.87,0,2.56E-02,3.84E-02,0.0061691,0.0015553,277.91,277.91,87.622,2.24E-10,2.24E-10,1.98E-10,4.19E+12,8.21E+11,8.8259,2.2578,2.64E-23,15.796,5.6733,9.4773,3.404,,,,,,,,,,,0.9626,534.156,,,,,,,,,,,,,,,,,,,,,,,,,,,,,,,,,,16.614
Abell_3376,90.54898333,-39.94974167,0.0456,0,282.95,0,58.97,0,1.71,4.08,0,0.756,0,,,0.134,0,2.21E-02,2.65E-02,0.0019855,0.00013882,287.59,287.59,26.038,1.46E-11,1.46E-11,1.53E-12,2.98E+11,1.69E+10,4.3739,0.31879,1.77E-23,36.315,3.6677,21.789,2.2006,0.29,0,,,,,,,,,0.45018,184.842,,,,,,,,,,,,,,,,,,,,,,,,,,,Abell 3376,30,0.65,0.63,0.11,0.13,0.03,36.34
Abell_3391,96.58962917,-53.69578056,0.0514,0,367.52,0,23.56,0,1.64,6.07,0,1.44,0,,,0.221,0,2.14E-02,2.68E-02,0.0028367,0.00027195,371.4,371.4,47.054,3.42E-11,3.42E-11,4.97E-12,1.62E+10,1.30E+09,7.1372,0.84809,2.51E-23,29.296,4.4728,17.578,2.6837,,,0.54,0,0.13,0,0.42,0.04,9.12,0,0.46321,224.221,0.855923625,0,0.796567733,0,2.3487,0,,,,,,,,,,,,,,,,,,,,,Abell 3391,90.7,2.05,2,0.78,0.93,0.2,32.491
Abell_3395,96.70192917,-54.54978056,0.0506,0,247.2,0,105.85,0,1.65,5.13,0,5.75,0,,,0.182,0,1.96E-02,2.45E-02,0.0029692,0.0005608,225.58,255.59,39.938,2.24E-11,2.54E-11,5.07E-12,2.98E+11,2.72E+10,5.28,0.58,1.98E-23,26.268,5.7394,15.761,3.4437,,,,,,,,,,,0.20111,205.411,,,,,,,,,,,,,,,,,,,,,,,,,,,Abell 3395,32.6,0.71,0.69,0.21,0.25,0.05,26.699
Abell_3528S,193.6704042,-29.22725,0.053,0,31.56,0,270.04,0,1.17,4.94,0,,,,,61,0,2.03E-02,2.54E-02,0.0089066,0.00081401,81.447,93.792,7.1304,5.05E-11,5.81E-11,5.60E-12,2.72E+12,1.26E+11,4.1184,0.23577,2.19E-23,6.1541,0.66368,3.6925,0.39821,1.21,0,,,,,,,,,0.12206,212.962,,,,,,,,,,,,,,,,,,,,,,,,,,,Abell 3528S,75.3,0.59,0.58,0.42,0.04,0.01,7.861
Abell_3558,201.9868917,-31.49549444,0.048,0,126.15,0,132.52,0,2.11,5.51,0,1.63,0,0.174,0,0.238,0,1.85E-02,2.32E-02,0.0088161,0.001592,130.21,130.21,19.99,7.94E-11,7.94E-11,1.62E-11,1.11E+12,7.74E+10,5.4012,0.54353,2.23E-23,8.0103,1.656,4.8062,0.99357,0.82,0,,,,,,,,,0.17141,194.017,0.536170843,0,0.387280676,0,2.2843,0,,,,,,,,,,,,,,,,,,,,,Abell 3558,76.5,4.91,4.8,0.38,3.26,0.7,9.095
Abell_3562,203.4075,-31.67001111,0.049,0,77.42,0,159.76,0,0.81,3.8,0,1.11,0,0.266,0,0.155,0,1.81E-02,2.27E-02,0.0092274,0.00018836,98.318,102.29,8.5161,6.47E-11,6.73E-11,5.69E-12,1.14E+12,7.16E+10,4.5,0.37,2.06E-23,6.9109,0.58548,4.1465,0.35129,0.44,0,,,,,,,,,0.14948,197.824,,,,,,,,,,,,,,,,,,,,,,,,,,,Abell 3562,23.3,0.66,0.64,0.17,0.64,0.14,7.931
Abell_3571,206.868475,-32.86456944,0.0391,0,79.31,0,191.27,0,0.82,7.6,0,1.25,0,0.114,0,0.097,0,1.91E-02,2.29E-02,0.014234,0.00092542,122.42,122.42,13.344,3.98E-10,3.98E-10,1.14E-10,1.95E+12,1.43E+11,7.2566,0.74696,2.39E-23,6.2365,0.75928,3.7419,0.45557,,,,,,,,,,,0.28599,159.725,,,,,,,,,,,,,,,,,,,,,,,,,,,Abell 3571,71.5,1.38,1.35,0.58,0.16,0.03,6.529
Abell_3581,211.8740708,-27.0183,0.023,0,9.51,0,138.07,0,1.22,2.1,0,1.23,0,21.3,0,6.04,0,1.95E-02,2.17E-02,0.012562,0.0010976,28.963,28.963,1.9643,3.19E-11,3.19E-11,2.99E-12,1.03E+12,2.61E+10,1.6395,0.062117,1.77E-23,2.1535,0.20509,1.2921,0.12305,0.21,0,,,,,,,,,0.10849,90.922,0.857759135,0,0.642766778,0,3.4139,0,,,,,,,,,,,,,,,,,,,,,,,,,,,,3.517
Abell_3667,303.1717958,-56.84325,0.0556,0,160.43,0,110.56,0,0.78,6.72,0,4.25,0,0.199,0,0.226,0,2.13E-02,2.66E-02,0.0039265,0.00059164,209.89,216.97,22.163,3.32E-11,3.43E-11,5.12E-12,5.19E+11,1.24E+10,5.4068,0.1708,2.05E-23,19.622,3.021,11.773,1.8126,,,,,,,,,,,0.29788,222.724,0.213339871,0,0.078185314,0,2.1132,0,,,,,,,,,,,,,,,,,,,,,Abell 3667,55.8,0.89,0.87,0.47,0.66,0.14,20.431
Abell_3822,328.5175125,-57.86741944,0.0759,0,108.66,0,200.32,0,0.66,5.45,0,,,,,0.417,0,2.13E-02,2.84E-02,0.0043759,0.0030116,219.45,219.45,103.19,4.16E-11,4.16E-11,2.90E-11,4.75E+12,3.59E+11,5.6691,0.55644,1.96E-23,19.289,13.409,11.573,8.0456,0.74,0,,,,,,,,,0.54977,296.891,,,,,,,,,,,,,,,,,,,,,,,,,,,Abell 3822,34,1.06,1.04,0.3,0.27,0.06,18.772
Abell_3827,330.4716667,-59.94528889,0.0984,0,164.58,0,94.8,0,1.34,8.05,0,,,,,0.724,0,1.79E-02,2.69E-02,0.0092599,0.001086,163.98,181.65,25.854,2.60E-10,2.88E-10,1.13E-10,2.83E+12,2.84E+11,8.0114,0.99021,2.42E-23,10.455,1.7813,6.2729,1.0688,1.7,0,,,,,,,,,0.61858,375.013,,,,,,,1.203,0,-1.133,0,1.4,0,,,,,,,,,,,,,,,Abell 3827,108.7,0.98,0.96,1.22,0.02,0,10.545
Abell_3921,342.4909542,-64.42838056,0.092771,0.000257,101.19,0,151.49,0,0.86,5.69,0,3.37,0,,,0.637,0,1.70E-02,2.55E-02,0.0080229,0.0013655,145.21,145.21,20.707,7.56E-11,7.56E-11,1.44E-11,2.75E+12,1.74E+11,5.7438,0.56147,2.22E-23,9.4092,1.8468,5.6455,1.1081,1.31,0,,,,,,,,,0.76756,355.615,0.733652606,0,0.654873261,0,2.9011,0,0.883,0,-1.214,0,0.87,0,,,,,,,,,,,,,,,Abell 3921,53.6,0.51,0.5,0.5,0.82,0.18,10.306
Abell_4038,356.9299167,-28.14300278,0.02819,0.00055,37.93,0,117.86,0,1.11,3.3,0,0.821,0,,,0.622,0,1.99E-02,2.27E-02,0.012839,0.00032409,57.062,57.062,2.5475,6.51E-11,6.51E-11,3.15E-12,9.31E+11,2.82E+10,3.1426,0.13631,1.77E-23,4.0261,0.20205,2.4157,0.12123,,,,,,,,,,,0.20133,123.893,0.498021975,0,0.467994065,0,2.9113,0,,,,,,,,,,,,,,,,,,,,,RXCJ2347.7-2808,25.7,0.22,0.21,0.19,0.07,0.02,4.764
Abell_4059,359.2544375,-34.75924444,0.04873,0.00056,7.06,0,203.16,0,0.88,4.69,0,6.76,0,1.18,0,159,0,1.84E-02,2.29E-02,0.010549,0.00042191,60.498,60.498,3.1474,4.97E-11,4.97E-11,2.98E-12,2.06E+12,6.74E+10,2.9092,0.12983,2.22E-23,3.6222,0.21707,2.1733,0.13024,0.66,0,0.57,0,0.47,0.11,0.31,0.03,6.04,0,0.22248,192.11,0.203302104,0,0.20230496,0,2.7864,0,,,,,,,96,35,89,,,,,,,,,96,35,89,Abell 4059,55,0.02,0.02,0.33,0.08,0.02,5.578
Abell_S0405,57.88672917,-82.21949722,0.0613,0,16.94,0,274.22,0,0.45,4.63,0,,,,,1.27,0,1.75E-02,2.33E-02,0.004585,0.0003168,143.45,158.34,14.622,2.94E-11,3.25E-11,3.36E-12,2.37E+12,1.58E+11,4.37,0.36,1.81E-23,15.399,1.6557,9.2394,0.99343,0.73,0,,,,,,,,,0.26217,243.914,,,,,,,,,,,,,,,,,,,,,,,,,,,Abell S0405,35.8,0.78,0.76,0.27,0.32,0.07,15.73
Abell_S0592,99.70254167,-53.97397778,0.2216,0,58.7,0,195.48,0,0.99,8.24,0,,,,,4.3,0,1.77E-02,3.53E-02,0.019335,0.00030251,100.87,107.3,14.198,2.28E-10,2.42E-10,3.21E-11,7.78E+12,8.00E+11,7.73,1.02,2.38E-23,4.9119,0.65268,2.9471,0.39161,,,,,,,,,,,0.49451,736.77,,,,,,,,,,,,,,,,,,,,,,,,,,,,,,,,,,4.961
AC_114,344.7013167,-34.80227778,0.312,0,199.79,0,69.99,0,1.5,6.99,0,11,0,,,6.94,0,2.27E-02,4.53E-02,0.0071749,0.00076777,216.73,216.73,32.381,9.37E-11,9.37E-11,1.59E-11,2.56E+12,2.47E+11,7.722,1.108,2.53E-23,12.402,2.22,7.4413,1.332,,,4.62,0,,,0.95,0.1,12.25,0,0.9974,943.834,0.538921603,0,0.487146544,0,2.9371,0,,,,,,,,,,,,,,,,,,,,,,,,,,,,13.362
AWM7,43.61512917,41.57974167,0.017239,0.00041,8.37,0,227.59,0,0.8,3.71,0,4.07,0,,,0.018,0,2.07E-02,2.24E-02,0.0096269,0.0006203,75.43,75.43,4.3339,5.32E-11,5.32E-11,3.99E-12,1.35E+12,3.77E+10,3.4652,0.13394,1.99E-23,5.2737,0.39626,3.1642,0.23776,0.24,0,,,,,,,,,0.07918,72.136,0.328780895,0,0.177233002,0,2.23,0,,,,,,,,,,,,,,,,,,,,,AWM7,41.9,0.92,0.9,0.48,0.57,0.12,6.671
Centaurus,192.2052792,-41.31098333,0.0114,0,2.25,0,474.86,0,1.33,3.96,0,1.74,0,1.5,0,7.38,0,1.98E-02,2.09E-02,0.011052,0.00019075,60.41,60.41,1.2242,1.29E-10,1.29E-10,7.42E-12,2.73E+12,3.33E+10,3.0002,0.05,2.33E-23,3.3995,0.081562,2.0397,0.048937,0.16,0,0.18,0,0.34,0.08,0.23,0.03,6.22,0,0.06374,46.065,0.155627115,0,0.076630036,0,3.3861,0,,,,,,,7.4,1.8,5.8,,,,,,,,,7.4,1.8,5.8,Abell 3526,40,1.38,1.35,0.31,0.66,0.14,5.407
CID_72,263.2635292,43.76035556,0.034394,0.000043,9.45,0,133.25,0,0.99,2.88,0,,,0.106,0,0.358,0,1.94E-02,2.26E-02,0.0078348,0.00022227,42.808,42.808,1.366,2.14E-11,2.14E-11,8.20E-13,1.08E+12,2.03E+10,1.8251,0.053633,1.51E-23,4.4951,0.18361,2.6971,0.11016,0.27,0,0.26,0,0.17,0,0.1,0.01,3.21,0,0.24908,141.317,0.351136681,0,0.406327705,0,3.5504,0,,,,,,,,,,,,,,,,,,,,,,,,,,,,5.949
CL_J1226.9+3332,186.7432208,33.54648889,0.89,0,166.03,0,99,0,1.41,10.4,0,31,0,,,190,0,3.89E-02,7.77E-02,0.01627,0.0002859,209.95,209.95,46.774,3.55E-10,3.55E-10,7.93E-11,1.65E+13,2.70E+12,13.032,2.9348,2.88E-23,8.1296,1.8364,4.8778,1.1018,,,132.54,0,26.75,0,3.41,0.51,28.97,0,0.85486,1601.738,,,,,,,1.014,0,-1.039,0,1.17,0,,,,,,,,,,,,,,,,,,,,,,7.655
Cygnus_A,299.8682542,40.73388333,0.056075,0.000067,23.64,0,210.12,0,1.57,10.4,0,2.18,0,21.3,0,63700,0,2.15E-02,2.68E-02,0.032947,0.0008118,45.193,45.193,1.8212,2.48E-10,2.48E-10,1.10E-11,2.71E+12,7.30E+10,4.7184,0.17552,2.21E-23,1.8879,0.08424,1.1328,0.050544,,,95.04,0,31.23,6.27,167.24,16.72,7.56,0,0.15663,224.595,0.799651312,0,0.215229323,0,3.3712,0,,,,,,,1300,200,1100,,,,,,,,,1300,200,1100,Cygnus A,91.5,0.78,0.76,69.95,0.25,0.05,2.275
ESO_3060170,85.0278625,-40.83689444,0.035805,0.000083,7.98,0,1400.88,0,1.8,2.79,0,0.238,0,,,0.293,0,2.10E-02,2.45E-02,0.0068373,0.00023428,61.57,61.57,3.6159,2.46E-11,2.46E-11,1.57E-12,3.93E+11,1.56E+10,2.4899,0.1243,1.67E-23,6.3612,0.38517,3.8167,0.2311,0.39,0,,,,,,,,,0.10865,146.822,,,,,,,,,,,,,,,,,,,,,,,,,,,,,,,,,,7.962
ESO_5520200,73.71799167,-18.1157,0.031405,0.000107,5.89,0,121.77,0,0.67,2.34,0,0.09,0,,,0.062,0,2.07E-02,2.37E-02,0.0044146,0.00075028,69.411,77.664,9.4294,1.34E-11,1.49E-11,2.48E-12,1.62E+12,8.93E+10,2.09,0.14,1.61E-23,8.5588,1.5635,5.1353,0.9381,0.4,0,,,,,,,,,0.10371,129.457,,,,,,,,,,,,,,,,,,,,,,,,,,,,,,,,,,11.298
EXO_0422-086,66.46362917,-8.560116667,0.0397,0,13.77,0,193.82,0,1.25,3.28,0,0.738,0,0.011,0,4.52,0,1.86E-02,2.23E-02,0.018163,0.00054132,39.405,39.405,1.91,8.01E-11,8.01E-11,4.27E-12,2.40E+12,7.77E+10,3.0009,0.15862,1.96E-23,2.459,0.14922,1.4754,0.089529,0.4,0.09,,,,,,,,,0.1484,162.06,,,,,,,,,,,,,,,,,,,,,,,,,,,EXO 0422-086,34.2,0.74,0.73,0.25,0.3,0.06,3.29
HCG_62,193.2739208,-9.204344444,0.01472,0.00013,3.44,0,219.02,0,1.28,1.1,0,0.081,0,0.038,0,0.02,0,2.05E-02,2.20E-02,0.0038483,0.00030637,42.078,42.078,2.6372,6.44E-12,6.44E-12,5.56E-13,2.28E+12,5.58E+10,1.0716,0.037629,1.43E-23,5.7011,0.49606,3.4207,0.29763,,,1.07,0,0.14,0,0.21,0.02,3.56,0,0.04983,61.425,0.333121326,0,0.381654842,0,3.6815,0,,,,,,,3.9,2.3,6.1,,,,3.49,1.66,0.91,,,3.49,1.66,0.91,,,,,,,,9.28
HCG_42,150.0593083,-19.636325,0.0133,0,1.85,0,126.46,0,0.87,0.7,0,0.018,0,,,0.009,0,2.01E-02,2.14E-02,0.0025689,0.00040011,40.605,40.605,4.4338,7.61E-12,7.61E-12,2.91E-12,1.37E+12,3.40E+10,0.80338,0.032028,1.70E-23,5.3772,0.86451,3.2263,0.5187,0.24,0,0.32,0,0.06,0,0.16,0.02,4.47,0,0.0361,56.044,,,,,,,,,,,,,,,,,,,,,,,,,,,,,,,,,,2.797
Hercules_A,252.7840042,4.992344444,0.155,0.00088,9.17,0,143.89,0,1.07,4.15,0,3.48,0,1.3,0,55200,0,2.53E-02,3.80E-02,0.013387,0.00017428,49.661,49.661,2.2865,6.07E-11,6.07E-11,2.86E-12,4.16E+12,1.38E+11,3.0741,0.14247,1.86E-23,3.6069,0.17363,2.1641,0.10418,1.34,0,1.17,0,,,0.4,0.06,4.32,0,0.40503,551.475,0.141192832,0,0.258657635,0,3.0384,0,1.268,0,-0.915,0,1.29,0,310,90,400,,,,,,,,,310,90,400,,,,,,,,4.519
Hydra_A,139.5249375,-12.09553889,0.054878,0.00008,13.31,0,114.92,0,1.03,4.3,0,2.63,0,9.61,0,2890,0,2.10E-02,2.63E-02,0.025129,0.00033938,39.28,39.28,1.556,1.37E-10,1.37E-10,5.61E-12,3.01E+12,8.52E+10,3.2694,0.12684,1.74E-23,2.18,0.089552,1.308,0.053731,2.62,0.19,3.77,0,3.08,0.73,2.13,0.21,4.88,0,0.29857,220.102,0.081477542,0,0.159946337,0,3.7727,0,1.425,0,-0.745,0,1.42,0,430,50,200,,,,,,,,,430,50,200,Abell 780,28.8,0.21,0.21,1.15,0.01,0,2.482
M49,187.4451708,8.00055,0.003272,0.000017,0.91,0,495.33,0,1.14,1.33,0,,,,,0.046,0,8.90E-03,9.07E-03,0.006922,0.00038185,29.623,29.623,1.238,1.21E-11,1.21E-11,7.07E-13,-3.55E+12,-5.17E+10,1.08,0.022711,1.94E-23,2.3527,0.1389,1.4116,0.08334,0.06,0,0.58,0,0.08,0.02,0.76,0.08,2.98,0,0.00907,14.076,0.18920329,0,0.306022676,0,4.2359,0,,,,,,,,,,,,,,,,,,,,,,,,,,,,5.18
M87,187.7057625,12.39129722,0.004283,0.000017,3.53,0,146.6,0,0.8,2.5,0,,,0.103,0,47,0,2.01E-02,2.06E-02,0.011687,0.00022489,46.068,46.068,1.0959,4.49E-11,4.49E-11,1.25E-12,1.63E+12,2.39E+10,2.375,0.045054,1.72E-23,3.4487,0.093191,2.0692,0.055914,0.1,0,0.24,0,0.18,0.04,0.37,0.04,4.55,0,0.05432,18.743,0.491454544,0,0.07288674,0,3.3472,0,,,,,,,6,0.9,4.2,,,,,,,,,6,0.9,4.2,,,,,,,,4.549
MACS_J0011.7-1523,2.929020833,-15.38910833,0.378,0,18.83,0,109.14,0,1.04,5.42,0,11,0,,,152,0,2.49E-02,4.99E-02,0.022488,0.00072569,56.985,61.377,7.3824,3.97E-10,4.28E-10,1.26E-10,1.26E+13,1.18E+12,4.89,0.58,1.88E-23,3.3766,0.41506,2.026,0.24904,,,,,,,,,,,0.47394,1037.572,,,,,,,1.273,0,-0.805,0,1.3,0,,,,,,,,,,,,,,,,,,,,,,3.393
MACS_J0035.4-2015,8.860720833,-20.26279444,0.364,0,93.42,0,76.4,0,1.26,7.39,0,19.8,0,,,12.6,0,2.41E-02,4.82E-02,0.01411,0.00076874,98.645,116.28,19.008,1.32E-10,1.55E-10,2.59E-11,3.26E+12,4.53E+11,6.79,1.09,2.27E-23,6.2016,1.0513,3.721,0.63079,,,,,,,,,,,0.79555,1045.662,,,,,,,1.164,0,-0.969,0,1.43,0,,,,,,,,,,,,,,,,,,,,,,6.371
MACS_J0159.8-0849,29.95605417,-8.833583333,0.405,0,18.79,0,123.87,0,1.31,9.59,0,26.5,0,,,237,0,2.69E-02,5.37E-02,0.032168,0.0006772,51.559,51.559,4.5054,6.52E-10,6.52E-10,1.39E-10,1.25E+13,7.92E+11,5.7547,0.56592,2.21E-23,2.3634,0.23768,1.418,0.14261,,,,,,,,,,,0.69858,1116.607,,,,,,,1.118,0,-0.728,0,1.27,0,,,,,,,,,,477,0,477,0,0,,,,,,,,2.573
MACS_J0242.5-2132,40.64960833,-21.54063889,0.314,0,10.92,0,74.59,0,1.29,6.22,0,12.9,0,,,4450,0,2.28E-02,4.55E-02,0.047785,0.0013342,28.608,28.608,2.4943,7.00E-10,7.00E-10,1.51E-10,8.21E+12,5.13E+11,3.9317,0.35886,1.99E-23,1.2071,0.11521,0.72423,0.069127,,,,,,,,,,,0.50089,947.948,,,,,,,1.327,0,-0.485,0,1.4,0,,,,,,,,,,353,0,353,0,0,,,,,,,,1.432
MACS_J0257.1-2325,44.28804167,-23.43495833,0.5049,0,234.47,0,195.81,0,1.39,10.5,0,21.9,0,,,27.5,0,3.05E-02,6.11E-02,0.0052147,0.0014386,302.62,302.62,88.119,7.69E-11,7.69E-11,2.74E-11,8.83E+12,1.46E+12,9.0774,2.1266,2.45E-23,20.779,7.5203,12.467,4.5122,,,,,,,,,,,0.79365,1266.114,,,,,,,1.061,0,-0.881,0,1.21,0,,,,,,,,,,568,0,568,0,0,,,,,,,,19.933
MACS_J0257.6-2209,44.42093333,-22.15308889,0.3224,0,155.91,0,82.11,0,1.55,7.4,0,10.9,0,,,9.44,0,2.32E-02,4.64E-02,0.009364,0.00060576,171.79,172.42,31.496,1.16E-10,1.16E-10,2.19E-11,3.51E+10,4.58E+09,7.66,1.36,2.57E-23,9.3027,1.7579,5.5816,1.0547,,,,,,,,,,,0.99683,965.024,,,,,,,0.915,0,-0.95,0,1.25,0,,,,,,,,,,,,,,,,,,,,,,10.197
MACS_J0308.9+2645,47.23302917,26.76065,0.324,0,212.76,0,70.07,0,1.43,7.37,0,20.6,0,,,9.55,0,2.33E-02,4.65E-02,0.013175,0.0018245,230.65,230.65,88.63,2.75E-10,2.75E-10,1.09E-10,8.57E+12,2.34E+12,12.531,4.4389,3.10E-23,8.9503,3.404,5.3702,2.0424,,,,,,,,,,,1.0002,968.239,,,,,,,0.954,0,-1.024,0,1.06,0,,,,,,,,,,,,,,,,,,,,,,9.27
MACS_J0329.6-0211,52.42367083,-2.196575,0.45,0,11.13,0,96.68,0,1.26,6.85,0,13,0,,,57.4,0,2.86E-02,5.72E-02,0.034335,0.00057619,38.825,38.825,2.8989,5.48E-10,5.48E-10,9.95E-11,1.10E+13,5.98E+11,4.5559,0.38009,2.04E-23,1.8988,0.16158,1.1393,0.096951,,,,,,,,,,,1.0013,1187.935,,,,,,,0.851,0,-0.605,0,1.08,0,,,,,,,,,,,,,,,,,,,,,,2.145
MACS_J0417.5-1154,64.394525,-11.90908611,0.44,0,27.08,0,99.69,0,1.42,11.3,0,38.2,0,,,235,0,2.82E-02,5.65E-02,0.034721,0.0014781,35.522,58.161,9.0762,5.10E-10,8.36E-10,3.15E-10,9.87E+12,1.84E+12,6.19,0.96,2.05E-23,2.5332,0.4074,1.5199,0.24444,,,,,,,,,,,0.67771,1172.711,,,,,,,0.372,0,-0.651,0,1.19,0,,,,,,,,,,,,,,,,,,,,,,2.472
MACS_J0429.6-0253,67.40036667,-2.885838889,0.399,0,17.17,0,88.87,0,1.23,6.76,0,11.7,0,,,866,0,2.66E-02,5.33E-02,0.032128,0.00099067,43.317,44.329,4.9296,5.47E-10,5.60E-10,1.52E-10,1.06E+13,8.72E+11,4.574,0.51707,2.09E-23,1.9882,0.23297,1.1929,0.13978,,,,,,,,,,,0.50584,1106.531,,,,,,,0.932,0,-0.617,0,1.31,0,,,,,,,,,,83,0,83,0,0,,,,,,,,2.297
MACS_J0520.7-1328,80.17521667,-13.48038333,0.34,0,88.59,0,84.92,0,1.2,6.27,0,9.63,0,,,397,0,2.40E-02,4.80E-02,0.017178,0.0016817,114.55,114.55,23.293,2.12E-10,2.12E-10,4.58E-11,4.99E+12,7.05E+11,7.4723,1.4527,2.43E-23,5.2218,1.1366,3.1331,0.68199,,,,,,,,,,,1.0087,999.37,,,,,,,1.089,0,-0.921,0,1.34,0,,,,,,,,,,,,,,,,,,,,,,5.49
MACS_J0547.0-3904,86.75659167,-39.07451111,0.319,0,23.14,0,121.59,0,1.2,2.96,0,1.62,0,,,44.4,0,1.69E-02,3.39E-02,0.017836,0.00087466,41.171,42.043,4.4564,8.12E-11,8.29E-11,9.28E-12,2.27E+12,1.72E+11,2.87,0.29,1.47E-23,3.2033,0.35978,1.922,0.21587,,,,,,,,,,,0.49132,706.95,,,,,,,0.797,0,-0.635,0,0.81,0,,,,,,,,,,163,0,163,0,0,,,,,,,,3.277
MACS_J0717.5+3745,109.3818917,37.75514444,0.5458,0,220.15,0,160.08,0,0.76,10.5,0,46.9,0,,,33.5,0,3.05E-02,6.11E-02,0.0094634,0.00018811,261.94,298.16,59.109,1.80E-10,2.05E-10,4.06E-11,5.36E+12,8.85E+11,13.34,2.64,3.06E-23,13.447,2.6746,8.0682,1.6047,,,,,,,,,,,1.1911,1320.044,,,,,,,0.758,0,-1.131,0,1,0,,,,,,,,,,,,,,,,,,,,,,13.315
MACS_J0744.8+3927,116.2200083,39.45678056,0.6976,0,42.38,0,112.02,0,1.11,11.29,0,24.9,0,,,58,0,3.54E-02,7.07E-02,0.02216,0.00070955,98.266,100.51,12.348,6.68E-10,6.83E-10,2.05E-10,2.40E+13,2.18E+12,7.93,0.96,2.48E-23,4.2174,0.52812,2.5305,0.31687,,,,,,,,,,,0.98998,1461.894,,,,,,,0.645,0,-0.766,0,1.08,0,,,,,,,,,,,,,,,,,,,,,,4.384
MACS_J1115.2+5320,168.8151333,53.33425278,0.466,0,292.28,0,27.56,0,1.73,8.03,0,14.3,0,,,19.6,0,2.82E-02,5.64E-02,0.0061589,0.001775,293.57,293.57,84.394,9.84E-11,9.84E-11,3.53E-11,-1.65E+12,-2.59E+11,9.3328,2.0878,2.74E-23,16.163,5.8967,9.6975,3.538,,,,,,,,,,,0.84601,1171.169,,,,,,,0.72,0,-1.292,0,0.75,0,,,,,,,,,,,,,,,,,,,,,,17.113
MACS_J1115.8+0129,168.9668667,1.499044444,0.352,0,14.76,0,107.65,0,1.31,9.26,0,1.49,0,,,6.67,0,2.46E-02,4.92E-02,0.043226,0.00084427,41.933,41.933,5.3309,3.62E-10,3.62E-10,4.63E-11,8.76E+12,8.13E+11,5.0344,0.61732,2.04E-23,1.6649,0.20673,0.99896,0.12404,,,,,,,,,,,0.86051,1022.841,,,,,,,1.346,0,-0.676,0,1.61,0,,,,,,,,,,,,,,,,,,,,,,1.791
MACS_J1131.8-1955,172.9774167,-19.92903889,0.3072,0,97.26,0,156.32,0,1.15,8.3,0,17.6,0,,,8.42,0,2.15E-02,4.30E-02,0.012085,0.00042542,104.58,142.41,26.886,1.08E-10,1.47E-10,2.79E-11,5.72E+12,1.07E+12,7.5,1.41,2.26E-23,8.001,1.5303,4.8006,0.9182,,,,,,,,,,,0.79534,933.466,,,,,,,0.398,0,-0.975,0,0.5,0,,,,,,,,,,,,,,,,,,,,,,7.818
MACS_J1149.5+2223,177.3994,22.39861667,0.5444,0,280.69,0,33.13,0,1.47,8.4,0,2.53,0,,,2.38,0,3.17E-02,6.35E-02,0.0063906,0.0017294,283.6,283.6,63.618,1.01E-10,1.01E-10,3.05E-11,-1.57E+12,-1.54E+11,9.4086,1.3107,2.60E-23,16.519,5.0277,9.9114,3.0166,,,,,,,,,,,1.301,1315.215,,,,,,,0.808,0,-1.128,0,0.87,0,,,,,,,,,,,,,,,,,,,,,,16.559
MACS_J1206.2-0847,181.55115,-8.800666667,0.44,0,69.04,0,94.69,0,1.28,7.88,0,37.3,0,,,1270,0,2.71E-02,5.42E-02,0.026947,0.00074896,92.178,100.02,13.239,3.62E-10,3.92E-10,5.25E-11,1.14E+13,1.19E+12,8.99,1.18,2.51E-23,3.8774,0.52023,2.3265,0.31214,,,,,,,,,,,1.0019,1172.711,,,,,,,0.867,0,-0.872,0,1.36,0,,,,,,,,,,,,,,,,,,,,,,3.839
MACS_J1311.0-0310,197.7569375,-3.177638889,0.494,0,47.36,0,63.47,0,1.62,8,0,10.2,0,,,26,0,2.89E-02,5.78E-02,0.022786,0.00059947,58.83,62.458,4.8392,1.75E-10,1.85E-10,1.48E-11,4.37E+12,2.57E+11,5.02,0.38,2.05E-23,3.1324,0.25102,1.8794,0.15061,,,,,,,,,,,0.69392,1250.934,,,,,,,1.287,0,-0.747,0,1.54,0,,,,,,,,,,,,,,,,,,,,,,3.392
MACS_J1621.3+3810,245.3533375,38.16906944,0.465,0,20.08,0,129.83,0,1.18,7.53,0,11.6,0,,,77.5,0,2.90E-02,5.80E-02,0.021589,0.00061803,66.071,71.195,7.3319,4.30E-10,4.63E-10,1.17E-10,1.82E+13,1.46E+12,5.5485,0.56607,2.06E-23,3.6489,0.38665,2.1894,0.23199,,,,,,,,,,,0.49317,1204.284,,,,,,,1.03,0,-0.706,0,1.29,0,,,,,,,,,,,,,,,,,,,,,,3.764
MACS_J1931.8-2634,292.9569,-26.57610833,0.352,0,14.56,0,87.52,0,1.27,7.5,0,23.4,0,,,11.6,0,2.46E-02,4.92E-02,0.051703,0.001322,34.465,34.465,3.9006,9.62E-10,9.62E-10,2.65E-10,8.08E+12,6.63E+11,5.1722,0.68494,2.14E-23,1.3636,0.18391,0.81817,0.11035,,,,,,,,,,,0.49163,1022.652,,,,,,,1.419,0,-0.545,0,1.63,0,,,,,,,,,,8760,0,8760,0,0,,,,,,,,1.518
MACS_J2049.9-3217,312.4843542,-32.28119444,0.325,0,195.85,0,92.71,0,1.06,6.98,0,8.71,0,,,9.64,0,2.33E-02,4.67E-02,0.0091549,0.0019104,234.68,234.68,69.028,1.52E-10,1.52E-10,5.07E-11,4.20E+12,7.98E+11,9.6347,2.4252,2.68E-23,11.453,3.7448,6.872,2.2469,,,,,,,,,,,1.0031,971.043,,,,,,,0.839,0,-1.108,0,1.04,0,,,,,,,,,,,,,,,,,,,,,,11.697
MACS_J2211.7-0349,332.9410667,-3.827011111,0.27,0,165.49,0,78.26,0,1.59,10.51,0,22.2,0,,,6.26,0,2.05E-02,4.09E-02,0.020539,0.0020871,180.81,180.81,36.237,4.51E-10,4.51E-10,9.67E-11,1.68E+12,2.33E+11,12.922,2.4553,2.85E-23,6.4494,1.3897,3.8696,0.83381,,,,,,,,,,,0.90056,852.949,,,,,,,0.664,0,-0.767,0,1.18,0,,,,,,,,,,,,,,,,,,,,,,6.038
MACS_J2214.9-1359,333.7394458,-14.00259722,0.483,0,297.7,0,171.96,0,1.46,8.8,0,24.2,0,,,27.1,0,3.04E-02,6.09E-02,0.0036912,0.00054698,321.83,370.12,86.447,4.60E-11,5.29E-11,1.33E-11,7.40E+12,1.36E+12,8.84,1.92,2.51E-23,27.903,7.3365,16.742,4.4019,,,,,,,,,,,1.0044,1262.523,,,,,,,1.045,0,-1.055,0,1.09,0,,,,,,,,,,,,,,,,,,,,,,27.789
MACS_J2228.5+2036,337.1411333,20.62175278,0.412,0,118.79,0,107.22,0,1,8.4,0,18.1,0,,,16.8,0,2.72E-02,5.43E-02,0.012347,0.0016628,159.92,159.92,35.408,1.71E-10,1.71E-10,4.15E-11,6.81E+12,1.01E+12,8.3741,1.7086,2.56E-23,7.7324,1.8903,4.6394,1.1342,,,,,,,,,,,1.0046,1128.189,,,,,,,0.5,0,-1.048,0,0.73,0,,,,,,,,,,,,,,,,,,,,,,8.086
MACS_J2229.7-2755,337.4389917,-27.92733611,0.324,0,12.39,0,74.97,0,1.36,5.5,0,9.6,0,,,27.9,0,2.33E-02,4.65E-02,0.041075,0.0011005,27.35,27.552,2.32,5.20E-10,5.24E-10,1.09E-10,5.65E+12,3.44E+11,3.5014,0.31349,1.93E-23,1.2895,0.12052,0.77373,0.072309,6.95,1.36,,,,,,,,,0.48846,968.239,,,,,,,1.34,0,-0.438,0,1.51,0,,,,,,,,,,,,,,,,,,,,,,1.572
MACS_J2245.0+2637,341.2694042,26.63429444,0.304,0,42.03,0,105.93,0,1.33,5.1,0,9.47,0,,,19.1,0,2.14E-02,4.27E-02,0.023233,0.0010623,61.647,63.989,7.605,1.89E-10,1.96E-10,2.42E-11,5.03E+12,4.41E+11,5.21,0.6,2.27E-23,2.8851,0.35749,1.731,0.21449,,,,,,,,,,,0.70454,927.189,,,,,,,1.31,0,-0.805,0,1.28,0,,,,,,,,,,79,0,79,0,0,,,,,,,,3.389
MKW_03s,230.466375,7.708880556,0.0442,0,23.94,0,131.08,0,0.96,3.5,0,1.14,0,1.69,0,0.588,0,2.18E-02,2.62E-02,0.013864,0.00057448,56.415,56.415,2.5556,7.31E-11,7.31E-11,4.01E-12,2.01E+12,5.28E+10,3.3145,0.12245,2.01E-23,3.4795,0.19316,2.0877,0.1159,0.37,0,,,,,,,,,0.39,182.54,0.292766524,0,0.376629734,0,3.4722,0,,,,,,,410,44,420,,,,,,,,,410,44,420,MKW3S,15.1,0.9,0.88,0.12,0.58,0.12,4.53
MKW_04,181.1134083,1.895219444,0.02,0,6.86,0,392.7,0,1.26,2.16,0,0.029,0,,,0.024,0,2.08E-02,2.27E-02,0.0054359,0.00027927,68.938,68.938,4.5138,1.88E-11,1.88E-11,1.42E-12,2.01E+12,8.22E+10,2.1466,0.12331,2.36E-23,4.8819,0.37624,2.9291,0.22574,0.33,0,0.03,0,0.1,0,0.1,0.01,5.66,0,0.04925,82.78,0.406193056,0,0.350303156,0,3.6881,0,,,,,,,,,,,,,,,,,,,,,,,,,,,,9.299
MKW_08,220.1651375,3.470447222,0.027,0,130.68,0,228.51,0,0.87,3.29,0,0.851,0,,,0.036,0,1.87E-02,2.14E-02,0.0034222,0.00032205,187.82,187.82,18.436,2.36E-11,2.36E-11,2.85E-12,1.94E+12,1.07E+11,3.8094,0.29619,1.99E-23,16.343,1.995,9.8057,1.197,0.19,0,,,,,,,,,0.25106,111.906,0.854137463,0,0.760758732,0,2.1558,0,,,,,,,,,,,,,,,,,,,,,,,,,,,,19.676
MS_0015.9+1609,4.639595833,16.43694167,0.541,0.003,162.07,0,64.17,0,1.29,9.9,0,33.2,0,,,32.4,0,3.03E-02,6.07E-02,0.010626,0.00054413,187.05,188.07,26.438,1.56E-10,1.56E-10,2.28E-11,7.14E+12,7.18E+11,9.09,1.24,2.70E-23,9.2468,1.3473,5.5481,0.8084,,,,,,,,,,,0.60682,1311.563,,,,,,,,,,,,,,,,,,,,,,,,,,,,,,,,,,9.789
MS_0116.3-0115,19.72476667,-1.002094444,0.045218,0.000107,12.77,0,220.8,0,0.63,1.84,0,,,,,0.167,0,2.19E-02,2.63E-02,0.0027684,0.00027523,108.71,104.99,14.584,9.61E-12,9.28E-12,1.47E-12,1.91E+12,1.63E+11,2.0579,0.25403,1.73E-23,12.514,1.9834,7.5082,1.19,0.48,0,,,,,,,,,0.10067,183.307,,,,,,,,,,,,,,,,,,,,,,,,,,,,,,,,,,17.877
MS_0440.5+0204,70.79146667,2.171861111,0.19,0.003,25.46,0,164.03,0,1.11,5.02,0,2.21,0,124,0,2.24,0,1.57E-02,3.13E-02,0.020492,0.0013476,60.811,64.365,9.8489,3.63E-10,3.84E-10,1.47E-10,7.41E+12,8.47E+11,4.82,0.71,1.91E-23,3.5986,0.58051,2.1592,0.3483,,,,,,,,,,,0.36011,653.624,,,,,,,,,,,,,,,,,,,,,,,,,,,,,,,,,,3.696
MS_0451.6-0305,73.54585,-3.014497222,0.55,0.003,568.13,0,15.61,0,2.81,8.62,0,33.6,0,,,32.1,0,3.16E-02,6.31E-02,0.0025615,0.00070428,697.21,697.21,271.49,5.42E-11,5.42E-11,2.38E-11,2.18E+13,5.48E+12,11.613,3.5643,3.03E-23,43.669,17.995,26.201,10.797,,,8.09,0,7.63,0,2.79,0.42,11,0,0.78923,1308.623,,,,,,,0.702,0,-0.998,0,1.15,0,,,,,,,,,,,,,,,,,,,,,,45.898
MS_0735.6+7421,115.4343542,74.24395278,0.216,0.003,15.96,0,106.79,0,1.14,5.45,0,7.65,0,124,0,31.8,0,1.66E-02,3.32E-02,0.036185,0.00027316,32.665,32.665,1.9474,2.09E-10,2.09E-10,1.25E-11,2.77E+12,1.21E+11,3.7078,0.23498,1.95E-23,1.5331,0.097848,0.91988,0.058709,1.51,0,,,,,,,,,0.39851,722.474,,,,,,,,,,,,,6900,2600,7600,,,,,,,,,6900,2600,7600,,,,,,,,1.836
MS_0839.8+2938,130.7332042,29.45749167,0.194,0.003,19.19,0,105.79,0,1.33,3.8,0,3.13,0,64.7,0,29.2,0,1.53E-02,3.05E-02,0.026922,0.00042444,33.752,33.752,3.4863,1.32E-10,1.32E-10,1.37E-11,3.01E+12,2.27E+11,3.1983,0.32326,1.90E-23,1.8222,0.1864,1.0933,0.11184,1.2,0,,,,,,,,,0.30529,664.488,,,,,,,,,,,,,,,,,,,,,,,,,,,,,,,,,,2.292
MS_0906.5+1110,137.3031375,10.97555556,0.18,0.003,104.23,0,97.32,0,1.15,8.1,0,4.69,0,6.38,0,2.01,0,1.38E-02,2.77E-02,0.01225,0.0016836,120.79,120.79,15.556,1.27E-10,1.27E-10,2.10E-11,1.51E+12,1.00E+11,6.3396,0.64703,2.26E-23,6.6767,1.1429,4.006,0.68577,,,,,,,,,,,0.4978,577.599,,,,,,,,,,,,,,,,,,,,,,,,,,,,,,,,,,7.091
MS_1006.0+1202,152.1977583,11.79341944,0.221,0.003,160.28,0,82.81,0,1.32,7.03,0,4.81,0,8.68,0,3.14,0,1.75E-02,3.51E-02,0.0074404,0.00020862,164.3,152.97,24.594,7.55E-11,7.03E-11,1.14E-11,-3.36E+12,-3.66E+11,5.83,0.93,2.11E-23,10.842,1.756,6.5051,1.0536,,,,,,,,,,,0.59628,735.247,,,,,,,,,,,,,,,,,,,,,,,,,,,,,,,,,,11.196
MS_1008.1-1224,152.6346333,-12.66577778,0.301,0.003,97.62,0,262.05,0,0.76,7.47,0,8.53,0,19.7,0,8.04,0,2.21E-02,4.42E-02,0.0050429,0.00029337,193.91,197.23,23.67,4.66E-11,4.74E-11,6.03E-12,5.44E+12,4.62E+11,5.8,0.66,2.26E-23,14.837,1.8961,8.9019,1.1377,,,,,,,,,,,0.79601,920.868,,,,,,,,,,,,,,,,,,,,,,,,,,,,,,,,,,16.476
MS_1455.0+2232,224.3128667,22.34235833,0.2578,0,16.88,0,81.47,0,1.39,4.51,0,10.4,0,,,37.5,0,1.90E-02,3.81E-02,0.05002,0.00079374,31.58,31.58,2.4858,3.47E-10,3.47E-10,2.77E-11,4.33E+12,2.48E+11,4.0977,0.30872,1.93E-23,1.2407,0.095524,0.74442,0.057315,5.9,0.86,9.46,0,,,3.16,0.47,10.86,0,0.49504,827.666,0.215480622,0,0.362182764,0,4.0926,0,,,,,,,,,,,,,,,,,,,,,,,,,,,,1.396
MS_2137.3-2353,325.0632417,-23.66130833,0.313,0.003,14.68,0,89.85,0,1.39,6.3,0,11.4,0,,,13.4,0,2.27E-02,4.54E-02,0.043918,0.00090449,33.032,33.032,2.4108,7.02E-10,7.02E-10,1.26E-10,7.82E+12,4.11E+11,4.3899,0.35528,1.93E-23,1.5151,0.12653,0.90906,0.075917,3.09,0,18.49,0,,,3.73,0.84,10.96,0,0.54523,945.894,,,,,,,1.539,0,-0.489,0,1.53,0,,,,,,,,,,179,0,,,,,,,,,,,1.646
MS_1157.3+5548,179.9678958,55.53489167,0.081,0.003,5.93,0,277.01,0,1.45,2.91,0,0.124,0,,,0.444,0,2.26E-02,3.01E-02,0.0052746,0.00035055,49.016,49.016,2.9339,3.05E-11,3.05E-11,5.68E-12,2.86E+12,8.45E+10,1.746,0.10096,1.70E-23,5.6863,0.50091,3.4118,0.30055,0.69,0,,,,,,,,,0.31611,314.966,0.621080739,0,0.575902685,0,4.9157,0,,,,,,,,,,,,,,,,,,,,,,,,,,,,8.643
NGC_507,20.91627083,33.25603611,0.016458,0.000023,0,0,99.89,0,0.65,1.4,0,0.24,0,,,0.324,0,1.97E-02,2.05E-02,0.0054592,0.0014216,35.88,35.88,6.3033,9.84E-12,9.84E-12,2.58E-12,1.24E+12,2.45E+10,1.1456,0.03,1.67E-23,3.674,0.96151,2.2044,0.57691,0.26,0,0.29,0,0.05,0,0.17,0.02,4.83,0,0.05996,68.848,0.655669402,0,0.4707212,0,2.453,0,,,,,,,,,,19.9,6.8,4.4,20.68,5.58,28.72,,,20.68,5.58,28.72,,,,,,,,6.764
NGC_4636,190.7077333,2.687738889,0.003129,0.000014,1.42,0,11962.07,0,1.96,0.66,0,,,,,0.014,0,2.00E-02,2.02E-02,0.0024786,0.00058971,43.113,43.113,7.0318,3.17E-12,3.17E-12,7.64E-13,1.60E+12,4.47E+10,0.79844,0.03,1.28E-23,7.3361,1.767,4.4017,1.0602,0.02,0,0.01,0,0.07,0.02,0.02,0,1.38,0,0.02414,13.226,0.203519615,0,0.354151237,0,3.9065,0,,,,,,,,,,2.76,0.91,0.56,0.28,0.04,0.11,,,0.28,0.04,0.11,,,,,,,,2.871
NGC_5044,198.8497792,-16.38545,0.00928,0.000077,2.28,0,82.15,0,0.96,1.22,0,0.209,0,,,0.054,0,2.00E-02,2.05E-02,0.0096556,0.0018842,21.337,21.337,2.8536,1.51E-11,1.51E-11,2.99E-12,-6.51E+11,-1.48E+10,0.97477,0.03,1.44E-23,2.0443,0.40386,1.2266,0.24232,0.12,0,0.27,0,0.23,0.05,0.19,0.02,3.61,0,0.0473,38.123,0.434447274,0,0.292741202,0,2.5361,0,,,,,,,,,,4.18,1.97,1.18,2.88,0.45,2.55,,,2.88,0.45,2.55,,,,,,,,3.528
NGC_5813,225.2969167,1.702008333,0.006525,0.000017,1.38,0,102.51,0,0.91,0.76,0,0.026,0,,,0.012,0,2.01E-02,2.04E-02,0.0036231,0.00055865,28.826,28.826,3.0821,3.99E-12,3.99E-12,6.27E-13,-4.89E+12,-1.06E+11,0.68,0.02,1.95E-23,2.8079,0.44076,1.6847,0.26446,0.07,0,0.04,0,0.11,0.04,0.1,0.01,2.4,0,0.02408,28.039,0.299714246,0,0.347490147,0,3.0325,0,,,,,,,,,,3.97,2.36,1.02,1.64,0.2,0.29,,,1.64,0.2,0.29,,,,,,,,1.519
NGC_5846,226.6220375,1.605591667,0.005711,0.000017,1.83,0,685.78,0,1.44,0.64,0,0.019,0,,,0.013,0,2.00E-02,2.02E-02,0.0042505,0.00083114,32.394,32.394,4.308,5.85E-12,5.85E-12,1.15E-12,-1.55E+12,-2.98E+10,0.91846,0.030408,1.37E-23,4.614,0.91507,2.7684,0.54904,0.08,0,0.14,0,0.17,0.04,0.14,0.01,4.78,0,0.02602,24.242,0.446261873,0,0.374707609,0,2.6073,0,,,,,,,,,,0.88,0.59,0.3,1.71,0.44,0.5,,,1.71,0.44,0.5,,,,,,,,7.779
Ophiuchus,258.1155458,-23.36853889,0.028,0,8.95,0,247.48,0,0.73,11.79,0,2.78,0,,,0.566,0,1.94E-02,2.21E-02,0.019941,0.00093261,75.322,79.281,2.8598,1.79E-10,1.88E-10,9.22E-12,2.35E+12,3.73E+10,6.934,0.17787,2.36E-23,4.2926,0.22898,2.5756,0.13739,2.6,0.1,,,,,,,,,0.10126,115.911,0.137611809,0,0.002907295,0,2.1726,0,,,,,,,,,,,,,,,,,,,,,Ophiuchus,153.4,1.11,1.08,0.31,0.68,0.15,4.556
PKS_0745-191,116.8809833,-19.29438333,0.1028,0.0005,12.41,0,110.7,0,1.39,8.5,0,21.6,0,28,0,700,0,1.79E-02,2.68E-02,0.074718,0.00070256,25.826,25.826,1.5418,5.55E-10,5.55E-10,3.33E-11,3.13E+12,1.36E+11,4.4235,0.23123,1.98E-23,0.87357,0.046397,0.52414,0.027838,,,17.81,0,11.52,2.57,8.5,0.85,9.51,0,0.50045,389.809,0.072191988,0,0.183856687,0,3.7932,0,,,,,,,1700,300,1400,,,,,,,,,1700,300,1400,,,,,,,,0.971
RBS_461,55.322875,15.39851667,0.029,0,95.67,0,68.8,0,1.39,2.6,0,,,0.088,0,0.308,0,2.00E-02,2.29E-02,0.0047339,0.00029178,103.42,103.42,6.9144,2.24E-11,2.24E-11,1.81E-12,3.39E+11,1.31E+10,2.8039,0.16036,1.70E-23,10.149,0.85339,6.0896,0.51203,,,,,,,,,,,0.24842,119.907,0.845229227,0,0.764738173,0,2.734,0,,,,,,,,,,,,,,,,,,,,,,,,,,,,12.203
RBS_533,64.90877083,2.409872222,0.0123,0,2.22,0,164.34,0,1,1.29,0,,,0.016,0,0.061,0,1.98E-02,2.11E-02,0.0067612,0.00029639,41.378,41.378,1.4756,1.62E-11,1.62E-11,7.84E-13,1.08E+12,1.62E+10,1.4731,0.033428,1.54E-23,4.1435,0.20453,2.4861,0.12272,0.14,0,,,,,,,,,0.05943,51.893,0.236374519,0,0.258541485,0,3.596,0,,,,,,,,,,,,,,,,,,,,,,,,,,,,6.193
RBS_797,146.8028875,76.38705556,0.3541,0.00062,19.49,0,97.67,0,1.67,6.43,0,26.3,0,,,102,0,2.47E-02,3.70E-02,0.07248,0.0014337,31.21,31.21,3.1064,1.53E-09,1.53E-09,3.69E-10,5.44E+12,3.93E+11,5.0845,0.83291,2.01E-23,1.0186,0.16807,0.61114,0.10084,,,,,,,,,,,0.5428,1026.408,,,,,,,,,,,,,1200,500,1700,,,,,,,10760,0,10760,0,0,,,,,,,,1.073
RCS_J2327-0204,351.8646833,-2.077502778,0.7,0,68.55,0,217.2,0,1.28,7.06,0,,,,,2.51,0,1.63E-02,3.26E-02,0.021179,0.00093909,97.401,99.283,21.099,6.14E-10,6.26E-10,3.23E-10,4.59E+12,7.22E+11,7.6,1.6,2.17E-23,4.8172,1.0364,2.8903,0.62184,,,,,,,,,,,0.30983,680.596,,,,,,,,,,,,,,,,,,,,,,,,,,,,,,,,,,4.491
RXC_J0331.1-2100,52.77508333,-21.00914722,0.188,0,11.4,0,134.1,0,1.3,4.61,0,,,,,147,0,2.33E-02,3.11E-02,0.029859,0.002186,35.509,35.509,3.4813,3.97E-10,3.97E-10,1.07E-10,4.54E+12,2.83E+11,3.9595,0.37798,2.07E-23,1.874,0.22545,1.1244,0.13527,,,,,,,,,,,0.19407,648.155,,,,,,,,,,,,,,,,,,,,,,,,,,,,,,,,,,2.299
RXC_J1023.8-2715,155.95915,-27.25660278,0.2533,0,20.86,0,255.29,0,1.45,8.43,0,,,,,,,1.76E-02,2.64E-02,0.034523,0.00063871,47.316,47.316,5.6077,6.73E-10,6.73E-10,1.93E-10,5.08E+12,4.39E+11,4.9781,0.58925,1.81E-23,2.3279,0.2789,1.3967,0.16734,0.35,0.08,,,,,,,,,0.32539,367.897,0.18581872,0,0.414937029,0,4.6299,0,,,,,,,,,,,,,,,,,,,,,,,,,,,,2.23
RXC_J0220.9-3829,35.23575833,-38.48089167,0.2287,0,43,0,159.95,0,1.23,4.86,0,,,,,3.4,0,1.81E-02,3.62E-02,0.011672,0.00090396,62.695,73.268,7.184,6.10E-11,7.13E-11,7.83E-12,3.33E+12,2.50E+11,3.77,0.33,2.08E-23,4.5276,0.52917,2.7166,0.3175,,,,,,,,,,,0.48848,754.632,,,,,,,0.256,0,-0.877,0,0.69,0,,,,,,,,,,,,,,,,,,,,,,5.739
RXC_J0232.2-4420,38.0782125,-44.3463,0.2836,0,44.62,0,166.53,0,1.16,7.84,0,18.3,0,,,12.6,0,2.12E-02,4.24E-02,0.017788,0.00020945,77.053,83.794,11.316,1.51E-10,1.65E-10,2.23E-11,6.46E+12,6.94E+11,5.71,0.77,2.36E-23,3.9643,0.53662,2.3786,0.32197,,,,,,,,,,,0.59367,883.339,,,,,,,0.535,0,-0.83,0,0.94,0,,,,,,,,,,,,,,,,,,,,,,4.635
RX_J0439.0+0520,69.75924167,5.345308333,0.208,0,14.92,0,95.47,0,1.19,4.63,0,3.61,0,68.7,0,89.5,0,1.82E-02,3.63E-02,0.01396,0.00056044,79.779,88.827,15.498,1.05E-10,1.16E-10,2.06E-11,6.07E+10,8.57E+09,5.15,0.89,1.98E-23,5.4318,0.96369,3.2591,0.57822,,,9.93,0,7.35,1.54,7.57,0.83,8.79,0,0.336,701.728,,,,,,,1.249,0,-0.717,0,1.31,0,,,,,,,,,,,,,,,,,,,,,,5.608
RX_J0439.0+0715,69.75295833,7.268791667,0.23,0,66.75,0,129.57,0,1.06,6.5,0,9.56,0,6.65,0,4.34,0,1.68E-02,3.36E-02,0.035143,0.0015903,31.453,33.554,3.2188,4.61E-10,4.92E-10,1.19E-10,4.74E+12,3.40E+11,3.6,0.33,1.93E-23,1.5467,0.15811,0.92799,0.094867,,,,,,,,,,,0.78131,757.871,,,,,,,0.873,0,-0.994,0,1.38,0,,,,,,,,,,,,,,,,,,,,,,1.863
RXC_J0528.9-3927,82.22099583,-39.47098056,0.2839,0,72.85,0,99.8,0,1.47,9.77,0,13.1,0,,,11.1,0,1.93E-02,3.85E-02,0.022494,0.00049912,83.448,85.711,17.362,2.42E-10,2.49E-10,5.06E-11,2.88E+12,4.38E+11,6.83,1.38,2.19E-23,4.0389,0.82097,2.4234,0.49258,,,,,,,,,,,0.57796,837.395,,,,,,,0.767,0,-0.963,0,0.76,0,,,,,,,,,,,,,,,,,,,,,,4.008
RX_J0647.7+7015,101.9584542,70.24712778,0.5907,0,225.06,0,48.82,0,1.7,9.07,0,26.7,0,,,39.1,0,3.29E-02,6.58E-02,0.013154,0.0015755,235.68,235.68,66.045,2.80E-10,2.80E-10,8.23E-11,-9.55E+09,-1.88E+09,12.626,3.3462,3.07E-23,9.1355,2.6568,5.4813,1.5941,,,,,,,,,,,0.82182,1361.559,,,,,,,,,,,,,,,,,,,,,,,,,,,,,,,,,,9.32
RX_J0819.6+6336,124.8583625,63.62403611,0.119,0,20.69,0,170.57,0,0.68,3.9,0,1.12,0,,,11,0,2.12E-02,3.18E-02,0.0081033,0.0013816,103.19,103.19,16.601,5.46E-11,5.46E-11,1.12E-11,4.56E+12,3.81E+11,4.1338,0.5663,1.99E-23,7.4791,1.6358,4.4874,0.98149,,,,,,,,,,,0.31784,442.981,,,,,,,,,,,,,,,,,,,,,,,,,,,,,,,,,,8.656
RX_J1000.4+4409,150.1334333,44.14435833,0.154,0,27.71,0,151.1,0,1.09,3.42,0,,,1.3,0,1.41,0,2.64E-02,3.96E-02,0.0070113,0.003132,74.538,82.168,23.223,3.10E-11,3.42E-11,1.41E-11,4.27E+12,2.87E+11,3.01,0.25,1.80E-23,6.9791,3.1711,4.1875,1.9026,,,,,,,,,,,0.39578,551.179,,,,,,,,,,,,,,,,,,,,,,,,,,,,,,,,,,8.537
RX_J1022.1+3830,155.5418083,38.52320556,0.0491,0,51.6,0,194.76,0,1.04,3.04,0,,,,,0.124,0,1.89E-02,2.37E-02,0.0038829,0.0002119,88.664,93.911,7.6,1.38E-11,1.46E-11,1.31E-12,1.57E+12,8.93E+10,2.32,0.17,1.78E-23,9.8205,0.89725,5.8923,0.53835,0.34,0,,,,,,,,,0.08993,198.204,,,,,,,,,,,,,,,,,,,,,,,,,,,,,,,,,,13.533
RXC_J1130.0+3637,172.5116208,36.63562778,0.06,0,29.93,0,149.6,0,1.14,2.02,0,,,,,0.188,0,2.28E-02,2.86E-02,0.0037555,0.00033173,56.883,64.981,5.0096,8.36E-12,9.55E-12,9.19E-13,1.26E+12,6.04E+10,1.57,0.09,1.46E-23,8.3433,0.87856,5.006,0.52714,0.2,0,,,,,,,,,0.19989,239.107,,,,,,,,,,,,,,,,,,,,,,,,,,,,,,,,,,11.511
RX_J1320.2+3308,200.0610417,33.14251667,0.036625,0.00026,8.8,0,140.28,0,1.28,1.01,0,,,0.212,0,2.24,0,2.15E-02,2.51E-02,0.0053894,0.00045917,29.469,29.604,1.7958,7.91E-12,7.95E-12,6.96E-13,1.39E+12,2.24E+10,0.98154,0.026813,1.43E-23,3.724,0.33319,2.2344,0.19992,,,,,,,,,,,0.17183,149.959,0.776338547,0,0.622682992,0,3.957,0,,,,,,,,,,,,,,,,,,,,,,,,,,,,6.342
RX_J1347.5-1145,206.8774708,-11.75279167,0.451,0,12.45,0,179.86,0,1.06,10.88,0,101,0,,,384,0,2.87E-02,5.73E-02,0.050968,0.00057356,87.948,87.948,17.675,2.40E-09,2.40E-09,1.16E-09,3.41E+13,5.02E+12,11.25,1.8487,2.87E-23,2.2466,0.37005,1.3479,0.22203,,,,,,,,,,,1.0026,1189.438,,,,,,,0.881,0,-0.464,0,1.28,0,,,,,,,,,,,,,,,,,,,,,,2.27
RX_J1423.8+2404,215.9489958,24.07790278,0.5431,0,10.23,0,119.91,0,1.27,5.92,0,16,0,,,106,0,3.18E-02,6.35E-02,0.035701,0.00039892,55.009,55.009,5.8089,8.28E-10,8.28E-10,2.10E-10,1.88E+13,1.45E+12,5.8145,0.61161,2.21E-23,2.1531,0.22775,1.2918,0.13665,,,,,,,,,,,0.79403,1316.426,,,,,,,,,,,,,1400,900,2500,,,,,,,2053,0,2053,0,0,,,,,,,,2.33
RX_J1504.1-0248,226.0308958,-2.804361111,0.2153,0,13.08,0,95.58,0,1.5,8.9,0,34.9,0,,,90.2,0,1.66E-02,3.31E-02,0.10512,0.0012801,24.026,24.026,1.5532,9.11E-10,9.11E-10,5.95E-11,3.83E+12,1.80E+11,4.9725,0.28631,2.01E-23,0.68825,0.040505,0.41295,0.024303,56.5,0.46,,,,,,,,,0.59562,719.902,0.083758239,0,0.373581268,0,4.3745,0,1.222,0,-0.456,0,1.57,0,,,,,,,,,,,,,,,,,,,,,,0.732
RX_J1532.9+3021,233.2240875,30.34964444,0.345,0,16.93,0,76.31,0,1.51,5.44,0,21,0,473,0,101,0,2.33E-02,4.65E-02,0.046141,0.001441,32.226,32.226,2.5314,3.10E-10,3.10E-10,2.54E-11,7.19E+12,3.99E+11,4.3765,0.35,1.99E-23,1.3932,0.11961,0.83591,0.071767,,,227.52,0,110.14,22.03,43.54,4.35,9.33,0,0.4885,1009.373,,,,,,,,,,,,,,,,,,,,,,859,0,859,0,0,,,,,,,,1.564
RXC_J1539.5-8335,234.8853542,-83.58995278,0.0728,0,25.88,0,109.99,0,1.41,3.81,0,,,,,3.92,0,2.05E-02,2.73E-02,0.030283,0.0014632,35.122,35.122,3.4314,4.02E-10,4.02E-10,1.00E-10,1.94E+12,1.31E+11,3.6149,0.35609,1.90E-23,1.8306,0.20085,1.0983,0.12051,,,,,,,,,,,0.23899,285.796,,,,,,,,,,,,,,,,,,,,,,,,,,,RXCJ1539.5-8335,46.4,1.46,1.43,2.08,1.66,0.35,2.166
RX_J1720.1+2638,260.0414208,26.62475278,0.164,0,21.03,0,109.14,0,1.39,5.55,0,11.5,0,7.6,0,71.4,0,2.67E-02,4.00E-02,0.034207,0.00075986,42.687,42.687,3.4132,2.49E-10,2.49E-10,2.04E-11,6.63E+12,3.82E+11,4.5069,0.35606,1.96E-23,1.9639,0.16117,1.1783,0.096702,2.67,0.68,,,,,,,,,0.55971,580.501,0.237408984,0,0.423244237,0,4.1678,0,0.905,0,-0.672,0,1.07,0,,,,,,,,,,,,,,,,,,,,,,2.141
RX_J1720.2+3536,260.0706375,35.60656389,0.3913,0,24,0,94.44,0,1.42,5.65,0,13.1,0,,,107,0,2.52E-02,5.04E-02,0.03267,0.00048771,41.816,44.718,3.6443,2.26E-10,2.42E-10,1.99E-11,6.92E+12,4.39E+11,4.6743,0.3884,2.02E-23,2.0636,0.17422,1.2382,0.10453,,,,,,,,,,,0.60533,1093.397,,,,,,,,,,,,,,,,,,,,,,381,0,381,0,0,,,,,,,,2.283
RX_J1852.1+5711,283.0367292,57.195175,0.1094,0,18.72,0,170.36,0,0.83,3.44,0,,,,,13.6,0,1.97E-02,2.95E-02,0.0071899,0.00047384,66.754,79.728,8.319,2.90E-11,3.46E-11,3.88E-12,2.90E+12,2.48E+11,2.97,0.29,1.72E-23,6.9971,0.82428,4.1983,0.49457,,,,,,,,,,,0.34457,411.717,,,,,,,,,,,,,,,,,,,,,,,,,,,,,,,,,,8.269
RX_J2129.6+0005,322.4164333,0.088563889,0.235,0,21.14,0,97.91,0,1.26,6.1,0,12.7,0,,,46.3,0,1.85E-02,3.69E-02,0.033052,0.0016645,41.28,44.179,5.3295,5.46E-10,5.85E-10,1.76E-10,7.22E+12,6.60E+11,4.55,0.53,2.09E-23,1.9215,0.24385,1.1529,0.14631,2.09,0,5.58,0,4.71,0,5.15,0.51,8.61,0,0.591,770.239,,,,,,,1.201,0,-0.788,0,1.29,0,,,,,,,,,,,,,,,,,,,,,,2.227
SC_1327-312,202.44895,-31.60653889,0.0495,0,64.57,0,160.82,0,0.81,3.53,0,3.16,0,,,0.145,0,1.95E-02,2.44E-02,0.0054668,0.00059841,111.67,110.21,11.688,3.07E-11,3.03E-11,4.07E-12,1.76E+12,9.68E+10,3.3966,0.2534,1.82E-23,9.9734,1.3212,5.984,0.7927,0.37,0,,,,,,,,,0.24916,213.339,,,,,,,,,,,,,,,,,,,,,,,,,,,SC1327-312,12.6,0.5,0.49,0.08,0.2,0.04,11.631
Sersic_159-03,348.49485,-42.72630556,0.058,0.003,10.45,0,77.78,0,1.17,2.65,0,1.1,0,3.54,0,18.7,0,2.12E-02,2.65E-02,0.029271,0.00086236,25.335,25.335,1.9467,1.14E-10,1.14E-10,9.12E-12,1.61E+12,8.79E+10,2.3987,0.17622,1.60E-23,1.4953,0.11836,0.89718,0.071016,0.52,0,0.89,0,0.67,0.15,0.3,0.03,4.21,0,0.16979,231.682,0.325194721,0,0.417304832,0,3.1756,0,,,,,,,780,260,820,,,,,,,,,780,260,820,Abell S1101,27.4,0.66,0.64,0.29,0.27,0.06,1.825
RASSCALS_SS2b153,162.6088542,-12.84493333,0.0154,0,1.12,0,71.35,0,0.8,0.8,0,,,,,0.216,0,2.04E-02,2.23E-02,0.0076781,0.00059666,20.458,20.458,1.1674,2.38E-11,2.38E-11,4.64E-12,9.28E+11,1.63E+10,0.78337,0.015842,1.49E-23,2.0031,0.16085,1.2019,0.096507,0.28,0,,,,,,,,,0.07656,77.876,0.298607719,0,0.503193709,0,4.3622,0,,,,,,,,,,,,,,,,,,,,,,,,,,,,0.899
UGC_03957,115.2430625,55.42730556,0.03412,0.00009,12.88,0,175.07,0,0.98,2.96,0,,,,,1.23,0,2.01E-02,2.34E-02,0.011889,0.00079028,47.86,50.487,3.1312,4.80E-11,5.07E-11,3.94E-12,2.52E+12,8.91E+10,2.6682,0.12694,2.08E-23,3.1466,0.25721,1.888,0.15432,0.49,0,,,,,,,,,0.24085,140.134,,,,,,,,,,,,,,,,,,,,,,,,,,,,,,,,,,4.74
UGC_12491,349.6596292,42.95807222,0.017365,0.000103,2.99,0,148.48,0,1.12,0.87,0,,,,,0.02,0,1.92E-02,2.09E-02,0.0066,0.0007127,28.061,28.061,2.4808,2.53E-11,2.53E-11,7.27E-12,1.12E+12,4.20E+10,1.0157,0.053249,1.30E-23,3.4658,0.41603,2.0795,0.24962,,,,,,,,,,,0.08983,72.958,0.504001067,0,0.542956892,0,4.1107,0,,,,,,,,,,,,,,,,,,,,,,,,,,,,5.268
ZwCl_1215.1+0400,184.4237833,3.654391667,0.075,0,163.23,0,131.29,0,1,3,0,3.52,0,,,0.378,0,2.11E-02,2.81E-02,0.0066594,0.001781,184.62,184.62,39.534,7.05E-11,7.05E-11,2.06E-11,3.34E+12,2.91E+11,6.5099,0.80007,2.09E-23,13.63,4.0118,8.1783,2.4071,,,,,,,,,,,0.63152,293.679,0.875864076,0,0.830402926,0,2.6042,0,,,,,,,,,,,,,,,,,,,,,ZWCL1215.1+0400,31.1,0.87,0.85,0.42,0.36,0.08,13.218
ZwCl_1358.1+6245,209.960525,62.51793611,0.328,0.003,20.67,0,97.97,0,1.43,7.2,0,12.5,0,129,0,7.8,0,2.35E-02,4.69E-02,0.023063,0.00058468,37.331,44.185,4.7323,2.71E-10,3.21E-10,8.34E-11,6.68E+12,6.16E+11,3.58,0.38,1.76E-23,2.5789,0.28144,1.5474,0.16886,,,2.86,0,,,1.73,0.26,5.36,0,0.68016,976.227,,,,,,,,,,,,,,,,,,,,,,,,,,,,,,,,,,2.83
ZwCl_1742.1+3306,266.0604792,32.99157778,0.0757,0,23.84,0,126.53,0,1.3,4.4,0,,,,,11.1,0,2.12E-02,2.83E-02,0.020052,0.00055799,31.641,40.781,2.3769,7.59E-11,9.78E-11,5.91E-12,2.65E+12,1.41E+11,3.01,0.17,1.89E-23,2.3127,0.14561,1.3876,0.087365,,,2.02,0,1.52,0.32,1.45,0.15,3.8,0,0.34676,296.178,,,,,,,,,,,,,,,,,,,,,,,,,,,ZWCL1742.1+3306,24.5,0.61,0.59,0.71,0.16,0.03,2.985
ZwCl_0847.2+3617,132.5278208,36.07115556,0.378,0,194.53,0,62.12,0,1.39,14.5,0,17.3,0,,,10.8,0,2.58E-02,5.17E-02,0.010079,0.0019079,217.99,217.99,68.364,1.66E-10,1.66E-10,5.71E-11,5.23E+12,1.10E+12,9.7414,2.7335,2.55E-23,11.076,3.7491,6.6455,2.2494,,,,,,,,,,,0.7747,1073.701,,,,,,,,,,,,,,,,,,,,,,,,,,,,,,,,,,10.683
ZwCl_1021.0+0426,155.9155625,4.185569444,0.2906,0,11.42,0,105.48,0,1.29,12.8,0,29.8,0,582,0,21,0,2.07E-02,4.13E-02,0.055175,0.0015134,31.36,31.36,2.4888,4.06E-10,4.06E-10,3.33E-11,6.35E+12,3.60E+11,4.4021,0.32243,2.01E-23,1.1617,0.090854,0.69699,0.054513,20.86,1.05,65.51,0,34.09,10.32,31.28,3.13,9.98,0,0.39246,897.317,,,,,,,,,,,,,5800,1500,6800,,,,,,,,,5800,1500,6800,,,,,,,,1.312
ZwCl_0949.6+5207,148.2049292,51.88479722,0.214,0,39.66,0,126,0,1.45,4.44,0,5.24,0,5.41,0,20.5,0,1.69E-02,3.39E-02,0.016371,0.00037196,54.812,54.812,4.523,9.37E-11,9.37E-11,7.90E-12,1.86E+12,1.11E+11,3.6982,0.33227,2.01E-23,3.2755,0.30356,1.9653,0.18214,,,0.97,0,2.91,0,0.57,0.14,6.32,0,0.45743,706.95,,,,,,,1.481,0,-0.768,0,1.58,0,6000,3500,8900,,,,,,,,,6000,3500,8900,,,,,,,,4.053
ZwCl_0857.9+2107,135.1534792,20.89454444,0.23,0,24.25,0,89.27,0,1.4,12.1,0,,,,,13,0,1.85E-02,3.69E-02,0.023483,0.0018385,37.537,38.169,4.0428,1.17E-10,1.19E-10,1.43E-11,2.63E+12,1.82E+11,3.13,0.29,1.71E-23,2.2772,0.27623,1.3663,0.16574,5.93,0.55,428.41,0,96.25,19.25,164.99,16.5,2.56,0,0.443,770.239,,,,,,,,,,,,,,,,,,,,,,,,,,,,,,,,,,2.599
